"UniqID","dataType","newType","brokenPath","newPath"
6," cover_arc","sde","T:\WC\timp\general_hunts\gps_akhwy83\arc","Y:\sde_common (dfgjnusql-gi71p).sde\sde_common.DBO.BaseFeatures\sde_common.DBO.simplgps_akhwys"
7," cover_arc","fgdb","\\dfg.alaska.local\gis\Anchorage\GISStaff\akbase\covers\majrds\arc","\\dfg.alaska.local\GIS\Anchorage\GISStaff\AK_BASE\INFRASTRUCTURE.gdb\ROADS\major_roads"
8," cover_arc","fgdb","\\dfg.alaska.local\gis\Anchorage\GISStaff\akbase\covers\majriv\arc","\\dfg.alaska.local\GIS\Anchorage\GISStaff\AK_BASE\WATER.gdb\major_river"
9," cover_arc","fgdb","\\dfg.alaska.local\gis\Anchorage\GISStaff\akbase\covers\minrds\arc","\\dfg.alaska.local\GIS\Anchorage\GISStaff\AK_BASE\INFRASTRUCTURE.gdb\ROADS\minor_roads"
10," cover_arc","fgdb","\\dfg.alaska.local\gis\Anchorage\GISStaff\akbase\covers\minriv\arc","\\dfg.alaska.local\GIS\Anchorage\GISStaff\AK_BASE\WATER.gdb\minor_river"
13," cover_arc","pgdb","\\dfg.alaska.local\gis\Anchorage\GISStaff\wc\huntarea\more_features\arcticcir\arc","\\dfg.alaska.local\GIS\Anchorage\GISStaff\AK_BASE\ARCTIC_CIRCLE.mdb\arctic_circle"
18," cover_arc","fgdb","t:\akbase\covers\majriv\arc","\\dfg.alaska.local\GIS\Anchorage\GISStaff\AK_BASE\WATER.gdb\major_river"
21," cover_point","sde","C:\Users\shapes\rescommalb\point","Y:\sde_common (dfgjnusql-gi71p).sde\sde_common.DBO.BaseFeatures\sde_common.DBO.rescomm"
22," cover_point","sde","T:\shapes\rescommalb\point","Y:\sde_common (dfgjnusql-gi71p).sde\sde_common.DBO.BaseFeatures\sde_common.DBO.rescomm"
23," cover_point","sde","\\dfg.alaska.local\gis\Anchorage\GISStaff\shapes\rescomm_83\point","Y:\sde_common (dfgjnusql-gi71p).sde\sde_common.DBO.BaseFeatures\sde_common.DBO.rescomm"
24," cover_point","sde","\\dfg.alaska.local\gis\Anchorage\GISStaff\shapes\rescommalb\point","Y:\sde_common (dfgjnusql-gi71p).sde\sde_common.DBO.BaseFeatures\sde_common.DBO.rescomm"
25," cover_point","sde","u:\shapes\rescommalb\point","Y:\sde_common (dfgjnusql-gi71p).sde\sde_common.DBO.BaseFeatures\sde_common.DBO.rescomm"
30," cover_poly","fgdb","c:\sally\nps\ak_nps_parks\akparks\polygon","\\dfg.alaska.local\GIS\Anchorage\GISShare\boundaries\NPS\2017_akparks\akparks.gdb"
31," cover_poly","shape ","c:\sally\nwr\kennwr_83\refuge\polygon","\\dfg.alaska.local\gis\Anchorage\GISShare\boundaries\USFWS_Refuges\AK_Refuges_poly.shp"
33," cover_region","sde","C:\Users\jdmumm\mxds\masters\bison\region.hunts","Y:\sde_wcgis_master (dfgjnusql-gi71p).sde\sde_wcgis_master.DBO.DWCMasters\sde_wcgis_master.DBO.DWCHunts"
34," cover_region","sde","C:\Users\jdmumm\timp\general_hunts\alaska\region.state","Y:\sde_common (dfgjnusql-gi71p).sde\sde_common.DBO.Coastlines_Albers\sde_common.DBO.Canada_Russia"
35," cover_region","_review","T:\WC\timp\general_hunts\alaska\region.gmu",NA
36," cover_region","sde","T:\WC\timp\general_hunts\alaska\region.state","Y:\sde_common (dfgjnusql-gi71p).sde\sde_common.DBO.Coastlines_Albers\sde_common.DBO.AK_coast_ITM"
37," cover_region","sde","T:\WC\timp\general_hunts\redo_ca83\region.ca","Y:\sde_common (dfgjnusql-gi71p).sde\sde_common.DBO.Coastlines_Albers\sde_common.DBO.canada_prov"
38," cover_region","fgdb","T:\WC\timp\general_hunts\redo_cua83\region.cua","\\dfg.alaska.local\GIS\Anchorage\GISShare\DWC_Hunts_SpecArea_GMU\Current.gdb\SpecialAreaLayers\ControlledUse"
39," cover_region","fgdb","T:\WC\timp\general_hunts\redo_ma83\region.ma","\\dfg.alaska.local\GIS\Anchorage\GISShare\DWC_Hunts_SpecArea_GMU\Current.gdb\SpecialAreaLayers\Management"
40," cover_region","sde","\\dfg.alaska.local\gis\Anchorage\GISStaff\wc\huntarea\masters\moose_0910\region.hunts","Y:\sde_wcgis_master (dfgjnusql-gi71p).sde\sde_wcgis_master.DBO.DWCMasters\sde_wcgis_master.DBO.DWCHunts"
41," cover_region","sde","\\dfg.alaska.local\gis\Anchorage\GISStaff\wc\huntarea\masters\sheep_0809\region.hunts","Y:\sde_wcgis_master (dfgjnusql-gi71p).sde\sde_wcgis_master.DBO.DWCMasters\sde_wcgis_master.DBO.DWCHunts"
42," cover_region","sde","\\dfg.alaska.local\gis\Anchorage\GISStaff\wc\huntarea\oldmasters\caribou\region.hunts","Y:\sde_wcgis_master (dfgjnusql-gi71p).sde\sde_wcgis_master.DBO.DWCMasters\sde_wcgis_master.DBO.DWCHunts"
43," cover_region","sde","\\dfg.alaska.local\gis\Anchorage\GISStaff\wc\huntarea\oldmasters\moose\region.hunts","Y:\sde_wcgis_master (dfgjnusql-gi71p).sde\sde_wcgis_master.DBO.DWCMasters\sde_wcgis_master.DBO.DWCHunts"
44," cover_region","fgdb","\\dfg.alaska.local\gis\Anchorage\GISStaff\wc\specareas\masters\closed\region.closed","\\dfg.alaska.local\GIS\Anchorage\GISShare\DWC_Hunts_SpecArea_GMU\Current.gdb\SpecialAreaLayers\ClosedToHunting"
45," cover_region","fgdb","\\dfg.alaska.local\gis\Anchorage\GISStaff\wc\specareas\masters\controlled\region.cua","\\dfg.alaska.local\GIS\Anchorage\GISShare\DWC_Hunts_SpecArea_GMU\Current.gdb\SpecialAreaLayers\ControlledUse"
46," cover_region","sde","\\dfg.alaska.local\gis\Anchorage\GISStaff\wc\specareas\masters\goa\region.sua","Y:\sde_wcgis_master (dfgjnusql-gi71p).sde\sde_wcgis_master.DBO.DWCMasters\sde_wcgis_master.DBO.SpecialAreas"
47," cover_region","_review","\\dfg.alaska.local\gis\Anchorage\GISStaff\wc\timp\general_hunts\alaska\region.gmu",NA
48," cover_region","sde","\\dfg.alaska.local\gis\Anchorage\GISStaff\wc\timp\general_hunts\alaska\region.state","Y:\sde_common (dfgjnusql-gi71p).sde\sde_common.DBO.Coastlines_Albers\sde_common.DBO.AK_coast_ITM"
58," fgdb","fgdb","C:\Data\NPS 2010\akparks.gdb\ParkBnd","\\dfg.alaska.local\GIS\Anchorage\GISShare\boundaries\NPS\2017_akparks\akparks.gdb"
59," fgdb","fgdb","C:\Data\NPS\akparks.gdb\ParkBnd","\\dfg.alaska.local\GIS\Anchorage\GISShare\boundaries\NPS\2017_akparks\akparks.gdb"
60," fgdb","sde","C:\GISShare\_nhd\2013April\NHDH_AK.gdb\Hydrography\NHDArea","Y:\sde_common (dfgjnusql-gi71p).sde\sde_common.DBO.Hydrography\sde_common.DBO.NHDArea"
61," fgdb","sde","C:\GISShare\_nhd\2013April\NHDH_AK.gdb\Hydrography\NHDFlowline","Y:\sde_common (dfgjnusql-gi71p).sde\sde_common.DBO.Hydrography\sde_common.DBO.NHDFlowline"
62," fgdb","sde","C:\GISShare\_nhd\2013April\NHDH_AK.gdb\Hydrography\NHDWaterbody","Y:\sde_common (dfgjnusql-gi71p).sde\sde_common.DBO.Hydrography\sde_common.DBO.NHDWaterbody"
64," fgdb","sde","C:\Sally\NHD_Alaska.gdb\NHDFlowline","Y:\sde_common (dfgjnusql-gi71p).sde\sde_common.DBO.Hydrography\sde_common.DBO.NHDFlowline"
65," fgdb","sde","C:\Sally\NHD_Alaska.gdb\NHDWaterbody","Y:\sde_common (dfgjnusql-gi71p).sde\sde_common.DBO.Hydrography\sde_common.DBO.NHDWaterbody"
86," fgdb","_review","S:\wc\DWCcommon_current.gdb\DWCMasters\SpecialAreas",NA
87," fgdb","_review","S:\wc\DWCcommon_current.gdb\GMUDissolved\GMU_Subunit",NA
88," fgdb","sde","U:\WC\huntarea\2015 40Mile Zones.gdb\zones40mile","Y:\sde_wcgis_master (dfgjnusql-gi71p).sde\sde_wcgis_master.DBO.areanamesCurrent"
91," fgdb","sde","V:\_nhd\2010\NHD21001_AK.gdb\Hydrography\NHDFlowline","Y:\sde_common (dfgjnusql-gi71p).sde\sde_common.DBO.Hydrography\sde_common.DBO.NHDFlowline"
92," fgdb","sde","V:\_nhd\2010\NHD21001_AK.gdb\Hydrography\NHDWaterbody","Y:\sde_common (dfgjnusql-gi71p).sde\sde_common.DBO.Hydrography\sde_common.DBO.NHDWaterbody"
93," fgdb","sde","V:\_nhd\2011Nov\NHDH_AK_92v200.gdb\Hydrography\NHDFlowline","Y:\sde_common (dfgjnusql-gi71p).sde\sde_common.DBO.Hydrography\sde_common.DBO.NHDFlowline"
94," fgdb","sde","V:\_nhd\2011Nov\NHDH_AK_92v200.gdb\Hydrography\NHDWaterbody","Y:\sde_common (dfgjnusql-gi71p).sde\sde_common.DBO.Hydrography\sde_common.DBO.NHDWaterbody"
95," fgdb","sde","V:\_nhd\2012Sept\NHDH_AK.gdb\Hydrography\NHDFlowline","Y:\sde_common (dfgjnusql-gi71p).sde\sde_common.DBO.Hydrography\sde_common.DBO.NHDFlowline"
96," fgdb","sde","V:\_nhd\2012Sept\NHDH_AK.gdb\Hydrography\NHDWaterbody","Y:\sde_common (dfgjnusql-gi71p).sde\sde_common.DBO.Hydrography\sde_common.DBO.NHDWaterbody"
97," fgdb","sde","V:\_nhd\2013April\NHDH_AK.gdb\Hydrography\NHDFlowline","Y:\sde_common (dfgjnusql-gi71p).sde\sde_common.DBO.Hydrography\sde_common.DBO.NHDFlowline"
98," fgdb","sde","V:\_nhd\2013April\NHDH_AK.gdb\Hydrography\NHDWaterbody","Y:\sde_common (dfgjnusql-gi71p).sde\sde_common.DBO.Hydrography\sde_common.DBO.NHDWaterbody"
99," fgdb","sde","V:\_nhd\2013Aug\NHDH_AK.gdb\Hydrography\NHDFlowline","Y:\sde_common (dfgjnusql-gi71p).sde\sde_common.DBO.Hydrography\sde_common.DBO.NHDFlowline"
100," fgdb","sde","V:\_nhd\2013Aug\NHDH_AK.gdb\Hydrography\NHDWaterbody","Y:\sde_common (dfgjnusql-gi71p).sde\sde_common.DBO.Hydrography\sde_common.DBO.NHDWaterbody"
101," fgdb","sde","V:\_nhd\2015March\NHDH_AK.gdb\Hydrography\NHDFlowline","Y:\sde_common (dfgjnusql-gi71p).sde\sde_common.DBO.Hydrography\sde_common.DBO.NHDFlowline"
102," fgdb","sde","V:\_nhd\2015March\NHDH_AK.gdb\Hydrography\NHDWaterbody","Y:\sde_common (dfgjnusql-gi71p).sde\sde_common.DBO.Hydrography\sde_common.DBO.NHDWaterbody"
103," fgdb","sde","V:\dwc_hunts_specarea_gmu\Current20190701.gdb\DWCMasters\DWCHunts","Y:\sde_wcgis_master (dfgjnusql-gi71p).sde\sde_wcgis_master.DBO.DWCMasters\sde_wcgis_master.DBO.DWCHunts"
104," fgdb","sde","V:\dwc_hunts_specarea_gmu\Current20190701.gdb\DWCMasters\SpecialAreas","Y:\sde_wcgis_master (dfgjnusql-gi71p).sde\sde_wcgis_master.DBO.DWCMasters\sde_wcgis_master.DBO.SpecialAreas"
105," fgdb","_review","V:\dwc_hunts_specarea_gmu\Current20190701.gdb\GMULayers\GMU",NA
106," fgdb","_review","V:\dwc_hunts_specarea_gmu\Current20190701.gdb\GMULayers\Regions",NA
107," fgdb","_review","V:\dwc_hunts_specarea_gmu\Current20190701.gdb\GMULayers\Subunits",NA
108," fgdb","fgdb","V:\dwc_hunts_specarea_gmu\Current20190701.gdb\SpecialAreaLayers\ClosedToHunting","\\dfg.alaska.local\GIS\Anchorage\GISShare\DWC_Hunts_SpecArea_GMU\Current.gdb\SpecialAreaLayers\ClosedToHunting"
109," fgdb","fgdb","V:\dwc_hunts_specarea_gmu\Current20190701.gdb\SpecialAreaLayers\ControlledUse","\\dfg.alaska.local\GIS\Anchorage\GISShare\DWC_Hunts_SpecArea_GMU\Current.gdb\SpecialAreaLayers\ControlledUse"
110," fgdb","fgdb","V:\dwc_hunts_specarea_gmu\Current20190701.gdb\SpecialAreaLayers\Management","\\dfg.alaska.local\GIS\Anchorage\GISShare\DWC_Hunts_SpecArea_GMU\Current.gdb\SpecialAreaLayers\Management"
111," fgdb","fgdb","\\DFGANCDWCGIS3\gisshare\MILITARY AREAS\MILITARY_AREAS.gdb\dudded_impact_area","\\dfg.alaska.local\GIS\Anchorage\GISShare\MILITARY AREAS\MILITARY_AREAS.gdb\dudded_impact_area"
112," fgdb","sde","\\DFGANCDWCGIS3\gisshare\_nhd\2010\NHD21001_AK.gdb\Hydrography\NHDWaterbody","Y:\sde_common (dfgjnusql-gi71p).sde\sde_common.DBO.Hydrography\sde_common.DBO.NHDWaterbody"
113," fgdb","sde","\\DFGANCDWCGIS3\gisshare\_nhd\2015March\NHDH_AK.gdb\Hydrography\NHDFlowline","Y:\sde_common (dfgjnusql-gi71p).sde\sde_common.DBO.Hydrography\sde_common.DBO.NHDFlowline"
114," fgdb","_review","\\DFGANCGISDEV2\agsdev\data\wc\Master_current.gdb\GMULayers\Subunits",NA
115," fgdb","_review","\\DFGANCGISPROD1\data\wc\DWCcommon_current.gdb\GMUDissolved\GMU_GMU",NA
116," fgdb","_review","\\DFGANCGISPROD1\data\wc\DWCcommon_current.gdb\GMUDissolved\GMU_Subunit",NA
117," fgdb","fgdb","\\DFGANCGISPROD1\data\wc\DWCcommon_current.gdb\GMUDissolved\GMU_UCU_coast","\\dfg.alaska.local\GIS\Anchorage\GISShare\DWC_Hunts_SpecArea_GMU\Current.gdb\DWCMasters\UCU_poly"
118," fgdb","_review","\\DFGANCGISPROD1\data\wc\Master_current.gdb\GMULayers\GMU",NA
119," fgdb","_review","\\DFGANCGISPROD1\data\wc\Master_current.gdb\GMULayers\Subunits",NA
120," fgdb","fgdb","\\DFGANCGISPROD1\data\wc\Master_current.gdb\GMULayers\UCU","\\dfg.alaska.local\GIS\Anchorage\GISShare\DWC_Hunts_SpecArea_GMU\Current.gdb\DWCMasters\UCU_poly"
121," fgdb","_review","\\DFGANCGISPROD1\data\wc\WMA_GMU.gdb\Regions",NA
122," fgdb","_review","\\DFGANCGISPROD1\data\wc\WMA_GMU.gdb\Subunits",NA
123," fgdb","sde","\\DFGANCGISPROD2\agsprod\data\common\Hydro\NHD21001_AK.gdb\Hydrography\NHDWaterbody","Y:\sde_common (dfgjnusql-gi71p).sde\sde_common.DBO.Hydrography\sde_common.DBO.NHDWaterbody"
124," fgdb","sde","\\DFGANCGISPROD2\agsprod\data\wc\Master_current.gdb\DWCMasters\DWCHunts","Y:\sde_wcgis_master (dfgjnusql-gi71p).sde\sde_wcgis_master.DBO.DWCMasters\sde_wcgis_master.DBO.DWCHunts"
125," fgdb","_review","\\DFGANCGISPROD2\agsprod\data\wc\Master_current.gdb\GMULayers\GMU",NA
126," fgdb","_review","\\DFGANCGISPROD2\agsprod\data\wc\Master_current.gdb\GMULayers\Subunits",NA
127," fgdb","sde","\\Wcgis-server3\gisshare\_nhd\2010\NHD21001_AK.gdb\Hydrography\NHDFlowline","Y:\sde_common (dfgjnusql-gi71p).sde\sde_common.DBO.Hydrography\sde_common.DBO.NHDFlowline"
128," fgdb","_review","\\dfg.alaska.local\GIS\Anchorage\GISShare\DWC_Hunts_SpecArea_GMU\Current20181109.gdb\GMULayers\Subunits",NA
129," fgdb","sde","\\dfg.alaska.local\GIS\Anchorage\GISShare\DWC_Hunts_SpecArea_GMU\Current20190204.gdb\DWCMasters\DWCHunts","Y:\sde_wcgis_master (dfgjnusql-gi71p).sde\sde_wcgis_master.DBO.DWCMasters\sde_wcgis_master.DBO.DWCHunts"
130," fgdb","sde","\\dfg.alaska.local\GIS\Anchorage\GISShare\DWC_Hunts_SpecArea_GMU\Current20190204.gdb\DWCMasters\SpecialAreas","Y:\sde_wcgis_master (dfgjnusql-gi71p).sde\sde_wcgis_master.DBO.DWCMasters\sde_wcgis_master.DBO.SpecialAreas"
131," fgdb","_review","\\dfg.alaska.local\GIS\Anchorage\GISShare\DWC_Hunts_SpecArea_GMU\Current20190204.gdb\GMULayers\GMU",NA
132," fgdb","_review","\\dfg.alaska.local\GIS\Anchorage\GISShare\DWC_Hunts_SpecArea_GMU\Current20190204.gdb\GMULayers\Subunits",NA
133," fgdb","fgdb","\\dfg.alaska.local\GIS\Anchorage\GISShare\DWC_Hunts_SpecArea_GMU\Current20190204.gdb\GMULayers\UCU","\\dfg.alaska.local\GIS\Anchorage\GISShare\DWC_Hunts_SpecArea_GMU\Current.gdb\DWCMasters\UCU_poly"
134," fgdb","fgdb","\\dfg.alaska.local\GIS\Anchorage\GISShare\DWC_Hunts_SpecArea_GMU\Current20190204.gdb\SpecialAreaLayers\ClosedToHunting","\\dfg.alaska.local\GIS\Anchorage\GISShare\DWC_Hunts_SpecArea_GMU\Current.gdb\SpecialAreaLayers\ClosedToHunting"
135," fgdb","fgdb","\\dfg.alaska.local\GIS\Anchorage\GISShare\DWC_Hunts_SpecArea_GMU\Current20190204.gdb\SpecialAreaLayers\ControlledUse","\\dfg.alaska.local\GIS\Anchorage\GISShare\DWC_Hunts_SpecArea_GMU\Current.gdb\SpecialAreaLayers\ControlledUse"
136," fgdb","_review","\\dfg.alaska.local\GIS\Servers\PROD\data\wc\Master_current.gdb\GMULayers\GMU",NA
137," fgdb","_review","\\dfg.alaska.local\GIS\Servers\PROD\data\wc\Master_current.gdb\GMULayers\Subunits",NA
138," fgdb","_review","\\dfg.alaska.local\gis\Anchorage\GISShare\DWC_Hunts_SpecArea_GMU\Current20190204.gdb\DWCMasters\DWCHunts",NA
139," fgdb","sde","\\dfg.alaska.local\gis\Anchorage\GISShare\DWC_Hunts_SpecArea_GMU\Current20190204.gdb\DWCMasters\SpecialAreas","Y:\sde_wcgis_master (dfgjnusql-gi71p).sde\sde_wcgis_master.DBO.DWCMasters\sde_wcgis_master.DBO.SpecialAreas"
140," fgdb","_review","\\dfg.alaska.local\gis\Anchorage\GISShare\DWC_Hunts_SpecArea_GMU\Current20190204.gdb\GMULayers\GMU",NA
141," fgdb","fgdb","\\dfg.alaska.local\gis\Anchorage\GISShare\DWC_Hunts_SpecArea_GMU\Current20190204.gdb\SpecialAreaLayers\ClosedToHunting","\\dfg.alaska.local\GIS\Anchorage\GISShare\DWC_Hunts_SpecArea_GMU\Current.gdb\SpecialAreaLayers\ClosedToHunting"
143," fgdb","sde","\\dfg.alaska.local\gis\Anchorage\GISShare\_nhd\2010\NHD21001_AK.gdb\Hydrography\NHDFlowline","Y:\sde_common (dfgjnusql-gi71p).sde\sde_common.DBO.Hydrography\sde_common.DBO.NHDFlowline"
144," fgdb","sde","\\dfg.alaska.local\gis\Anchorage\GISShare\_nhd\2010\NHD21001_AK.gdb\Hydrography\NHDWaterbody","Y:\sde_common (dfgjnusql-gi71p).sde\sde_common.DBO.Hydrography\sde_common.DBO.NHDWaterbody"
145," fgdb","sde","\\dfg.alaska.local\gis\Anchorage\GISShare\_nhd\2011Nov\NHDH_AK_92v200.gdb\Hydrography\NHDFlowline","Y:\sde_common (dfgjnusql-gi71p).sde\sde_common.DBO.Hydrography\sde_common.DBO.NHDFlowline"
146," fgdb","sde","\\dfg.alaska.local\gis\Anchorage\GISShare\_nhd\2011Nov\NHDH_AK_92v200.gdb\Hydrography\NHDWaterbody","Y:\sde_common (dfgjnusql-gi71p).sde\sde_common.DBO.Hydrography\sde_common.DBO.NHDWaterbody"
147," fgdb","sde","\\dfg.alaska.local\gis\Anchorage\GISShare\_nhd\2012Sept\NHDH_AK.gdb\Hydrography\NHDFlowline","Y:\sde_common (dfgjnusql-gi71p).sde\sde_common.DBO.Hydrography\sde_common.DBO.NHDFlowline"
148," fgdb","sde","\\dfg.alaska.local\gis\Anchorage\GISShare\_nhd\2012Sept\NHDH_AK.gdb\Hydrography\NHDWaterbody","Y:\sde_common (dfgjnusql-gi71p).sde\sde_common.DBO.Hydrography\sde_common.DBO.NHDWaterbody"
149," fgdb","sde","\\dfg.alaska.local\gis\Anchorage\GISShare\_nhd\2013April\NHDH_AK.gdb\Hydrography\NHDFlowline","Y:\sde_common (dfgjnusql-gi71p).sde\sde_common.DBO.Hydrography\sde_common.DBO.NHDFlowline"
150," fgdb","sde","\\dfg.alaska.local\gis\Anchorage\GISShare\_nhd\2013April\NHDH_AK.gdb\Hydrography\NHDWaterbody","Y:\sde_common (dfgjnusql-gi71p).sde\sde_common.DBO.Hydrography\sde_common.DBO.NHDWaterbody"
151," fgdb","sde","\\dfg.alaska.local\gis\Anchorage\GISShare\_nhd\2013Aug\NHDH_AK.gdb\Hydrography\NHDFlowline","Y:\sde_common (dfgjnusql-gi71p).sde\sde_common.DBO.Hydrography\sde_common.DBO.NHDFlowline"
152," fgdb","sde","\\dfg.alaska.local\gis\Anchorage\GISShare\_nhd\2013Aug\NHDH_AK.gdb\Hydrography\NHDWaterbody","Y:\sde_common (dfgjnusql-gi71p).sde\sde_common.DBO.Hydrography\sde_common.DBO.NHDWaterbody"
153," fgdb","sde","\\dfg.alaska.local\gis\Anchorage\GISShare\_nhd\2015March\NHDH_AK.gdb\Hydrography\NHDFlowline","Y:\sde_common (dfgjnusql-gi71p).sde\sde_common.DBO.Hydrography\sde_common.DBO.NHDFlowline"
154," fgdb","sde","\\dfg.alaska.local\gis\Anchorage\GISShare\_nhd\2015March\NHDH_AK.gdb\Hydrography\NHDWaterbody","Y:\sde_common (dfgjnusql-gi71p).sde\sde_common.DBO.Hydrography\sde_common.DBO.NHDWaterbody"
155," fgdb","sde","\\dfg.alaska.local\gis\Anchorage\GISShare\_nhd\2015Sept\NHDH_AK.gdb\Hydrography\NHDFlowline","Y:\sde_common (dfgjnusql-gi71p).sde\sde_common.DBO.Hydrography\sde_common.DBO.NHDFlowline"
156," fgdb","sde","\\dfg.alaska.local\gis\Anchorage\GISShare\_nhd\2015Sept\NHDH_AK.gdb\Hydrography\NHDWaterbody","Y:\sde_common (dfgjnusql-gi71p).sde\sde_common.DBO.Hydrography\sde_common.DBO.NHDWaterbody"
157," fgdb","sde","\\dfg.alaska.local\gis\Anchorage\GISShare\_nhd\NHDH_AK.gdb\Hydrography\NHDFlowline","Y:\sde_common (dfgjnusql-gi71p).sde\sde_common.DBO.Hydrography\sde_common.DBO.NHDFlowline"
158," fgdb","sde","\\dfg.alaska.local\gis\Anchorage\GISShare\_nhd\NHDH_AK.gdb\Hydrography\NHDWaterbody","Y:\sde_common (dfgjnusql-gi71p).sde\sde_common.DBO.Hydrography\sde_common.DBO.NHDWaterbody"
159," fgdb","sde","\\dfg.alaska.local\gis\Anchorage\GISShare\_nhd\NHD_H_Alaska_State_GDB.gdb\Hydrography\NHDFlowline","Y:\sde_common (dfgjnusql-gi71p).sde\sde_common.DBO.Hydrography\sde_common.DBO.NHDFlowline"
160," fgdb","sde","\\dfg.alaska.local\gis\Anchorage\GISShare\_nhd\NHD_H_Alaska_State_GDB.gdb\Hydrography\NHDWaterbody","Y:\sde_common (dfgjnusql-gi71p).sde\sde_common.DBO.Hydrography\sde_common.DBO.NHDWaterbody"
165," fgdb","fgdb","\\dfgancdwc186439\c$\Data\NPS\akparks.gdb\ParkBnd","\\dfg.alaska.local\GIS\Anchorage\GISShare\boundaries\NPS\2017_akparks\akparks.gdb"
166," fgdb","sde","\\dfgancdwcgis3\gisshare\Infrastructure\ADOT_centerline_mileposts.gdb\dot_centerline_route","Y:\sde_common (dfgjnusql-gi71p).sde\sde_common.DBO.BaseFeatures\sde_common.DBO.dot_centerline_route"
167," fgdb","sde","\\dfgancdwcgis3\gisshare\_nhd\2011Nov\NHDH_AK_92v200.gdb\Hydrography\NHDFlowline","Y:\sde_common (dfgjnusql-gi71p).sde\sde_common.DBO.Hydrography\sde_common.DBO.NHDFlowline"
168," fgdb","sde","\\dfgancdwcgis3\gisshare\_nhd\2011Nov\NHDH_AK_92v200.gdb\Hydrography\NHDWaterbody","Y:\sde_common (dfgjnusql-gi71p).sde\sde_common.DBO.Hydrography\sde_common.DBO.NHDWaterbody"
172," fgdb","_review","\\dfgancgisdev2\agsdev\data\wc\Master_current.gdb\GMULayers\GMU",NA
173," fgdb","_review","\\dfgancgisdev2\agsdev\data\wc\Master_current.gdb\GMULayers\Regions",NA
174," fgdb","_review","\\dfgancgisdev2\agsdev\data\wc\Master_current.gdb\GMULayers\Subunits",NA
175," fgdb","sde","\\dfgancgisdev3\agsdev\data\wc\Master_current.gdb\DWCMasters\DWCHunts","Y:\sde_wcgis_master (dfgjnusql-gi71p).sde\sde_wcgis_master.DBO.DWCMasters\sde_wcgis_master.DBO.DWCHunts"
176," fgdb","_review","\\dfgancgisdev3\agsdev\data\wc\Master_current.gdb\DWCMasters\SpecialAreas",NA
177," fgdb","sde","\\dfgancgisdev3\agsdev\data\wc\Master_current.gdb\DWCMasters\UCU_poly","Y:\sde_wcgis_master (dfgjnusql-gi71p).sde\sde_wcgis_master.DBO.DWCMasters\sde_wcgis_master.DBO.UCU_poly"
178," fgdb","_review","\\dfgancgisdev3\agsdev\data\wc\Master_current.gdb\GMULayers\GMU",NA
179," fgdb","_review","\\dfgancgisdev3\agsdev\data\wc\Master_current.gdb\GMULayers\Subunits",NA
180," fgdb","fgdb","\\dfgancgisdev3\agsdev\data\wc\Master_current.gdb\SpecialAreaLayers\ClosedToHunting","\\dfg.alaska.local\GIS\Anchorage\GISShare\DWC_Hunts_SpecArea_GMU\Current.gdb\SpecialAreaLayers\ClosedToHunting"
181," fgdb","fgdb","\\dfgancgisdev3\agsdev\data\wc\Master_current.gdb\SpecialAreaLayers\ControlledUse","\\dfg.alaska.local\GIS\Anchorage\GISShare\DWC_Hunts_SpecArea_GMU\Current.gdb\SpecialAreaLayers\ControlledUse"
182," fgdb","fgdb","\\dfgancgisdev3\agsdev\data\wc\Master_current.gdb\SpecialAreaLayers\Management","\\dfg.alaska.local\GIS\Anchorage\GISShare\DWC_Hunts_SpecArea_GMU\Current.gdb\SpecialAreaLayers\Management"
183," fgdb","_review","\\dfgancgisprod1\agsprod\data\wc\Master_current.gdb\GMULayers\GMU",NA
184," fgdb","_review","\\dfgancgisprod1\agsprod\data\wc\Master_current.gdb\GMULayers\Subunits",NA
186," pgdb","sde","C:\GISShare\Infrastructure\ADOT_02152007_routes_mileposts.mdb\RouteFeatures","Y:\sde_common (dfgjnusql-gi71p).sde\sde_common.DBO.BaseFeatures\sde_common.DBO.dot_centerline_route"
187," pgdb","sde","C:\Users\Grids\Township_Sections.mdb\township_polygon","Y:\sde_common (dfgjnusql-gi71p).sde\sde_common.DBO.PLSS_DD\sde_common.DBO.township"
190," pgdb","sde","\\dfg.alaska.local\gis\Anchorage\GISShare\Infrastructure\ADOT_02152007_routes_mileposts.mdb\Mileposts","Y:\sde_common (dfgjnusql-gi71p).sde\sde_common.DBO.BaseFeatures\sde_common.DBO.dot_centerline_milepost"
191," pgdb","sde","\\dfg.alaska.local\gis\Anchorage\GISShare\Infrastructure\ADOT_02152007_routes_mileposts.mdb\RouteFeatures","Y:\sde_common (dfgjnusql-gi71p).sde\sde_common.DBO.BaseFeatures\sde_common.DBO.dot_centerline_route"
192," pgdb","sde","\\dfg.alaska.local\gis\Anchorage\GISShare\infrastructure\ADOT_02152007_routes_mileposts.mdb\Mileposts","Y:\sde_common (dfgjnusql-gi71p).sde\sde_common.DBO.BaseFeatures\sde_common.DBO.dot_centerline_milepost"
196," raster","sde","C:\Documents and Settings\rastrauch\Application Data\ESRI\ArcCatalog\sdewild-1  to wcgis-server3.sde\SDE_COMMON.SDEWILD.DRG250ALB","Y:\sde_common (dfgjnusql-gi71p).sde\sde_common.DBO.DRG_QM"
197," raster","sde","C:\Documents and Settings\rastrauch\Application Data\ESRI\ArcCatalog\sdewild-1  to wcgis-server3.sde\SDE_COMMON.SDEWILD.DRGITMALB","Y:\sde_common (dfgjnusql-gi71p).sde\sde_common.DBO.DRG_ITM"
198," raster","sde","C:\Documents and Settings\rastrauch\Application Data\ESRI\ArcCatalog\sdewild-1  to wcgis-server3.sde\SDE_COMMON.SDEWILD.NED_CLIPPED","Y:\sde_common (dfgjnusql-gi71p).sde\sde_common.DBO.NED_CLIP"
199," raster","sde","C:\Documents and Settings\rastrauch\Application Data\ESRI\ArcCatalog\sdewild-1  to wcgis-server3.sde\SDE_COMMON.SDEWILD.NED_HILLSHADECLIP","Y:\sde_common (dfgjnusql-gi71p).sde\sde_common.DBO.NED_HILLCLIP"
200," raster","sde","C:\Documents and Settings\sktimp.000\Application Data\ESRI\ArcCatalog\Connection to sf-anc-sql1.sde\SDE_COMMON.SDEWILD.AK_SHADE","Y:\sde_common (dfgjnusql-gi71p).sde\sde_common.DBO.AK_SHADE"
201," raster","sde","C:\Documents and Settings\sktimp.000\Application Data\ESRI\ArcCatalog\Connection to sf-anc-sql1.sde\SDE_COMMON.SDEWILD.DRGITMALB","Y:\sde_common (dfgjnusql-gi71p).sde\sde_common.DBO.DRG_ITM"
202," raster","sde","C:\Documents and Settings\sktimp.000\Application Data\ESRI\ArcCatalog\Connection to sf-anc-sql1.sde\SDE_COMMON.SDEWILD.NED_HILLSHADECLIP","Y:\sde_common (dfgjnusql-gi71p).sde\sde_common.DBO.NED_HILLCLIP"
203," raster","sde","C:\Documents and Settings\sktimp\Application Data\ESRI\ArcCatalog\Connection to sf-anc-sql1.sde\SDE_COMMON.SDEWILD.AK_SHADE","Y:\sde_common (dfgjnusql-gi71p).sde\sde_common.DBO.AK_SHADE"
204," raster","sde","C:\Documents and Settings\sktimp\Application Data\ESRI\ArcCatalog\Connection to wcgis-server3 (2).sde\SDE_COMMON.SDEWILD.AK_SHADE","Y:\sde_common (dfgjnusql-gi71p).sde\sde_common.DBO.AK_SHADE"
205," raster","sde","C:\Documents and Settings\sktimp\Application Data\ESRI\ArcCatalog\Connection to wcgis-server3 (2).sde\SDE_COMMON.SDEWILD.NED_HILLSHADECLIP","Y:\sde_common (dfgjnusql-gi71p).sde\sde_common.DBO.NED_HILLCLIP"
206," raster","sde","C:\Documents and Settings\sktimp\Application Data\ESRI\ArcCatalog\Connection to wcgis-server3 (2).sde\sde_common83.SDEWILD.NED_HILLCLIP83","Y:\sde_common (dfgjnusql-gi71p).sde\sde_common.DBO.NED_HILLCLIP"
207," raster","sde","C:\Documents and Settings\sktimp\Application Data\ESRI\ArcCatalog\sdewilduser@sdecommon.sde\SDE_COMMON.SDEWILD.AK_SHADE","Y:\sde_common (dfgjnusql-gi71p).sde\sde_common.DBO.AK_SHADE"
214," raster","sde","C:\Documents and Settings\sktimp\Application Data\ESRI\ArcCatalog\sdewilduser@sdecommon.sde\sde_common83.SDEWILD.NED_HILLCLIP83","Y:\sde_common (dfgjnusql-gi71p).sde\sde_common.DBO.NED_HILLCLIP"
215," raster","sde","C:\Documents and Settings\sktimp\Application Data\ESRI\ArcCatalog\sdewilduser@sdecommon.sde\sde_common83.SDEWILD.NGS_ITM_HILLSHADE_DD83","Y:\sde_common (dfgjnusql-gi71p).sde\sde_common.DBO.NGS_ITM_HILLSHADE_DD"
216," raster","sde","C:\Documents and Settings\sktimp\Application Data\ESRI\ArcCatalog\sdewilduser@sdecommon.sde\sde_common83.SDEWILD.NGS_ITM_TOPO_DD83","Y:\sde_common (dfgjnusql-gi71p).sde\sde_common.DBO.NGS_ITM_TOPO_DD"
217," raster","sde","C:\Documents and Settings\sktimp\Application Data\ESRI\ArcCatalog\sdewilduser@sdecommon.sde\sde_common83.SDEWILD.NGS_QM_TOPO_DD83","Y:\sde_common (dfgjnusql-gi71p).sde\sde_common.DBO.NGS_QM_TOPO_DD"
219," raster","sde","C:\Users\jdmumm\AppData\Local\Temp\16\arc6107\0aefbb1937f15fb3691b9c7bb2a20b2f.sde\SDE_COMMON.SDEWILD.DRGITMALB","Y:\sde_common (dfgjnusql-gi71p).sde\sde_common.DBO.DRG_ITM"
220," raster","sde","C:\Users\jdmumm\AppData\Local\Temp\16\arc6107\180c610e223eece70ee7fddccec579ee.sde\SDE_COMMON.SDEWILD.AK_SHADE","Y:\sde_common (dfgjnusql-gi71p).sde\sde_common.DBO.AK_SHADE"
221," raster","sde","C:\Users\jdmumm\AppData\Local\Temp\16\arc6107\521d9ebfb29f50c9fd738d1e8aaf8cf9.sde\SDE_COMMON.SDEWILD.AK_SHADE","Y:\sde_common (dfgjnusql-gi71p).sde\sde_common.DBO.AK_SHADE"
222," raster","sde","C:\Users\jdmumm\AppData\Local\Temp\16\arc6107\521d9ebfb29f50c9fd738d1e8aaf8cf9.sde\SDE_COMMON.SDEWILD.DRGITMALB","Y:\sde_common (dfgjnusql-gi71p).sde\sde_common.DBO.DRG_ITM"
223," raster","sde","C:\Users\jdmumm\AppData\Local\Temp\16\arc6107\521d9ebfb29f50c9fd738d1e8aaf8cf9.sde\SDE_COMMON.SDEWILD.NED_HILLSHADECLIP","Y:\sde_common (dfgjnusql-gi71p).sde\sde_common.DBO.NED_HILLCLIP"
224," raster","sde","C:\Users\jdmumm\AppData\Local\Temp\16\arc6107\6849cab633622a2275cc6e38bc3725fc.sde\SDE_COMMON.SDEWILD.AK_SHADE","Y:\sde_common (dfgjnusql-gi71p).sde\sde_common.DBO.AK_SHADE"
225," raster","sde","C:\Users\jdmumm\AppData\Local\Temp\16\arc6107\6849cab633622a2275cc6e38bc3725fc.sde\SDE_COMMON.SDEWILD.DRGITMALB","Y:\sde_common (dfgjnusql-gi71p).sde\sde_common.DBO.DRG_ITM"
226," raster","sde","C:\Users\jdmumm\AppData\Local\Temp\16\arc6107\6849cab633622a2275cc6e38bc3725fc.sde\SDE_COMMON.SDEWILD.NED_HILLSHADECLIP","Y:\sde_common (dfgjnusql-gi71p).sde\sde_common.DBO.NED_HILLCLIP"
227," raster","sde","C:\Users\jdmumm\AppData\Local\Temp\16\arc6107\6b56cf3a515bc572f118feb696e08069.sde\SDE_COMMON.SDEWILD.AK_SHADE","Y:\sde_common (dfgjnusql-gi71p).sde\sde_common.DBO.AK_SHADE"
228," raster","sde","C:\Users\jdmumm\AppData\Local\Temp\16\arc6107\6b56cf3a515bc572f118feb696e08069.sde\SDE_COMMON.SDEWILD.DRGITMALB","Y:\sde_common (dfgjnusql-gi71p).sde\sde_common.DBO.DRG_ITM"
229," raster","sde","C:\Users\jdmumm\AppData\Local\Temp\16\arc6107\6b56cf3a515bc572f118feb696e08069.sde\SDE_COMMON.SDEWILD.NED_HILLSHADECLIP","Y:\sde_common (dfgjnusql-gi71p).sde\sde_common.DBO.NED_HILLCLIP"
230," raster","sde","C:\Users\jdmumm\AppData\Local\Temp\16\arc6107\6dcd12b9a24d7b599b8e2fa5b59cbd18.sde\SDE_COMMON.SDEWILD.DRGITMALB","Y:\sde_common (dfgjnusql-gi71p).sde\sde_common.DBO.DRG_ITM"
231," raster","sde","C:\Users\jdmumm\AppData\Local\Temp\16\arc6107\7f36bf3d3a46c53d5190d53a84134fe3.sde\SDE_COMMON.SDEWILD.AK_SHADE","Y:\sde_common (dfgjnusql-gi71p).sde\sde_common.DBO.AK_SHADE"
232," raster","sde","C:\Users\jdmumm\AppData\Local\Temp\16\arc6107\7f36bf3d3a46c53d5190d53a84134fe3.sde\SDE_COMMON.SDEWILD.DRGITMALB","Y:\sde_common (dfgjnusql-gi71p).sde\sde_common.DBO.DRG_ITM"
233," raster","sde","C:\Users\jdmumm\AppData\Local\Temp\16\arc6107\7f36bf3d3a46c53d5190d53a84134fe3.sde\SDE_COMMON.SDEWILD.NED_HILLSHADECLIP","Y:\sde_common (dfgjnusql-gi71p).sde\sde_common.DBO.NED_HILLCLIP"
234," raster","sde","C:\Users\jdmumm\AppData\Local\Temp\16\arc6107\8ea7325c512ac8fd1e525f4c0d850ee2.sde\SDE_COMMON.SDEWILD.AK_SHADE","Y:\sde_common (dfgjnusql-gi71p).sde\sde_common.DBO.AK_SHADE"
235," raster","sde","C:\Users\jdmumm\AppData\Local\Temp\16\arc6107\8ea7325c512ac8fd1e525f4c0d850ee2.sde\SDE_COMMON.SDEWILD.DRGITMALB","Y:\sde_common (dfgjnusql-gi71p).sde\sde_common.DBO.DRG_ITM"
236," raster","sde","C:\Users\jdmumm\AppData\Local\Temp\16\arc6107\8ea7325c512ac8fd1e525f4c0d850ee2.sde\SDE_COMMON.SDEWILD.NED_HILLSHADECLIP","Y:\sde_common (dfgjnusql-gi71p).sde\sde_common.DBO.NED_HILLCLIP"
237," raster","sde","C:\Users\jdmumm\AppData\Local\Temp\16\arc6107\8fcc71cb9fef03b427b6280fe24696f0.sde\SDE_COMMON.SDEWILD.NED_HILLSHADECLIP","Y:\sde_common (dfgjnusql-gi71p).sde\sde_common.DBO.NED_HILLCLIP"
238," raster","sde","C:\Users\jdmumm\AppData\Local\Temp\16\arc6107\9cf99a46248ab83afb94e228d9e77956.sde\SDE_COMMON.SDEWILD.AK_SHADE","Y:\sde_common (dfgjnusql-gi71p).sde\sde_common.DBO.AK_SHADE"
239," raster","sde","C:\Users\jdmumm\AppData\Local\Temp\16\arc6107\9cf99a46248ab83afb94e228d9e77956.sde\SDE_COMMON.SDEWILD.DRGITMALB","Y:\sde_common (dfgjnusql-gi71p).sde\sde_common.DBO.DRG_ITM"
240," raster","sde","C:\Users\jdmumm\AppData\Local\Temp\16\arc6107\9cf99a46248ab83afb94e228d9e77956.sde\SDE_COMMON.SDEWILD.NED_HILLSHADECLIP","Y:\sde_common (dfgjnusql-gi71p).sde\sde_common.DBO.NED_HILLCLIP"
241," raster","sde","C:\Users\jdmumm\AppData\Local\Temp\16\arc6107\bbec64b6cdfc8b2ced505fe61d00a90e.sde\SDE_COMMON.SDEWILD.AK_SHADE","Y:\sde_common (dfgjnusql-gi71p).sde\sde_common.DBO.AK_SHADE"
242," raster","sde","C:\Users\jdmumm\AppData\Local\Temp\16\arc6107\bbec64b6cdfc8b2ced505fe61d00a90e.sde\SDE_COMMON.SDEWILD.DRGITMALB","Y:\sde_common (dfgjnusql-gi71p).sde\sde_common.DBO.DRG_ITM"
243," raster","sde","C:\Users\jdmumm\AppData\Local\Temp\16\arc6107\bbec64b6cdfc8b2ced505fe61d00a90e.sde\SDE_COMMON.SDEWILD.NED_HILLSHADECLIP","Y:\sde_common (dfgjnusql-gi71p).sde\sde_common.DBO.NED_HILLCLIP"
244," raster","sde","C:\Users\jdmumm\AppData\Local\Temp\16\arc6107\f9c3309ab12cc1cae61df973a9ad238e.sde\SDE_COMMON.SDEWILD.AK_SHADE","Y:\sde_common (dfgjnusql-gi71p).sde\sde_common.DBO.AK_SHADE"
245," raster","sde","C:\Users\jdmumm\AppData\Local\Temp\16\arc6107\f9c3309ab12cc1cae61df973a9ad238e.sde\SDE_COMMON.SDEWILD.NED_HILLSHADECLIP","Y:\sde_common (dfgjnusql-gi71p).sde\sde_common.DBO.NED_HILLCLIP"
246," raster","sde","C:\Users\sktimp.DFG\AppData\Roaming\ESRI\Desktop10.0\ArcCatalog\_prodDC - sdewcuser@common.sde\SDE_COMMON.SDEDFG.AK_SHADE","Y:\sde_common (dfgjnusql-gi71p).sde\sde_common.DBO.AK_SHADE"
247," raster","sde","C:\Users\sktimp.DFG\AppData\Roaming\ESRI\Desktop10.0\ArcCatalog\_prodDC - sdewcuser@common.sde\SDE_COMMON.SDEDFG.NED_HILLCLIP","Y:\sde_common (dfgjnusql-gi71p).sde\sde_common.DBO.NED_CLIP"
248," raster","sde","C:\Users\sktimp.DFG\AppData\Roaming\ESRI\Desktop10.0\ArcCatalog\_prodDC - sdewcuser@common.sde\SDE_COMMON.SDEDFG.NGS_ITM_HILLSHADE_DD","Y:\sde_common (dfgjnusql-gi71p).sde\sde_common.DBO.NED_HILLCLIP"
249," raster","sde","C:\Users\sktimp.DFG\AppData\Roaming\ESRI\Desktop10.0\ArcCatalog\_prodDC - sdewcuser@common.sde\SDE_COMMON.SDEDFG.NGS_ITM_TOPO_DD","Y:\sde_common (dfgjnusql-gi71p).sde\sde_common.DBO.NGS_ITM_TOPO_DD"
250," raster","sde","C:\Users\sktimp.DFG\AppData\Roaming\ESRI\Desktop10.0\ArcCatalog\_prodDC - sdewcuser@common.sde\SDE_COMMON.SDEDFG.NGS_QM_TOPO_DD","Y:\sde_common (dfgjnusql-gi71p).sde\sde_common.DBO.NGS_QM_TOPO_DD"
251," raster","sde","C:\Users\sktimp.DFG\AppData\Roaming\ESRI\Desktop10.1\ArcCatalog\_prodDC - sdewcuser@common.sde\SDE_COMMON.SDEDFG.NED_HILLCLIP","Y:\sde_common (dfgjnusql-gi71p).sde\sde_common.DBO.NED_HILLRAW"
252," raster","sde","C:\Users\sktimp.DFG\AppData\Roaming\ESRI\Desktop10.2\ArcCatalog\_prodDC - sdewcuser@common.sde\SDE_COMMON.SDEDFG.NED_HILLCLIP","Y:\sde_common (dfgjnusql-gi71p).sde\sde_common.DBO.NED_HILLRAW"
253," raster","sde","C:\Users\sktimp.DFG\AppData\Roaming\ESRI\Desktop10.2\ArcCatalog\_prodDC - sdewcuser@common.sde\SDE_COMMON.SDEDFG.NGS_ITM_HILLSHADE_DD","Y:\sde_common (dfgjnusql-gi71p).sde\sde_common.DBO.NGS_ITM_TOPO_DD"
254," raster","sde","C:\Users\sktimp.DFG\AppData\Roaming\ESRI\Desktop10.2\ArcCatalog\_prodDC - sdewcuser@common.sde\SDE_COMMON.SDEDFG.NGS_QM_TOPO_DD","Y:\sde_common (dfgjnusql-gi71p).sde\sde_common.DBO.NGS_QM_TOPO_DD"
255," raster","sde","C:\Users\sktimp.DFG\AppData\Roaming\ESRI\Desktop10.3\ArcCatalog\_prodDC - sdewcuser@common.sde\SDE_COMMON.SDEDFG.NED_HILLCLIP","Y:\sde_common (dfgjnusql-gi71p).sde\sde_common.DBO.NED_HILLCLIP"
256," raster","sde","C:\Users\sktimp.DFG\AppData\Roaming\ESRI\Desktop10.3\ArcCatalog\_prodDC - sdewcuser@common.sde\SDE_COMMON.SDEDFG.NGS_ITM_TOPO_DD","Y:\sde_common (dfgjnusql-gi71p).sde\sde_common.DBO.NGS_ITM_TOPO_DD"
257," raster","sde","\\DFGANCGISPROD1\data\common\Elevation\NED.gdb\NED_HILLCLIP","Y:\sde_common (dfgjnusql-gi71p).sde\sde_common.DBO.NED_HILLCLIP"
258," raster","sde","\\Wcgis-server3\gisshare\_ned\ned\aknedhs","Y:\sde_common (dfgjnusql-gi71p).sde\sde_common.DBO.NED_HILLCLIP"
259," raster","sde","\\dfg.alaska.local\gis\Anchorage\GISShare\_TopoMaps.gdb\NGS_QM_TOPO_DD","Y:\sde_common (dfgjnusql-gi71p).sde\sde_common.DBO.NGS_QM_TOPO_DD"
260," raster","sde","\\dfg.alaska.local\gis\Anchorage\GISStaff\___gisStaffConnections\_sde\_prodDC - sdedfg@common.sde\SDE_COMMON.SDEWILD.DRGITMALB","Y:\sde_common (dfgjnusql-gi71p).sde\sde_common.DBO.DRG_ITM"
261," raster","sde","\\dfg.alaska.local\gis\Anchorage\GISStaff\___gisStaffConnections\_sde\_prodDC - sdedfg@common.sde\SDE_COMMON.SDEWILD.NED_HILLSHADECLIP","Y:\sde_common (dfgjnusql-gi71p).sde\sde_common.DBO.NED_HILLCLIP"
262," raster","sde","\\dfg.alaska.local\gis\Anchorage\GISStaff\___gisStaffConnections\_sde\_prodDC - sdedfg@common.sde\sde_common.SDEDFG.AK_SHADE","Y:\sde_common (dfgjnusql-gi71p).sde\sde_common.DBO.AK_SHADE"
263," raster","sde","\\dfgancdwcgis3\gisshare\___BaseMaps\TopoMaps.gdb\NGS_ITM_HILLSHADE","Y:\sde_common (dfgjnusql-gi71p).sde\sde_common.DBO.NGS_ITM_HILLSHADE_DD"
264," raster","sde","\\wcgis-server3\gisshare\HYDRO\FlowAccDec2008\Layers\ned_flowdir","Y:\sde_common (dfgjnusql-gi71p).sde\sde_common.DBO.NED_FLOWDIR08"
275," sde","sde","C:\Documents and Settings\rastrauch\Application Data\ESRI\ArcCatalog\sdewild-1  to wcgis-server3.sde\sde_wildlife.SDEWILD.Hunts\sde_wildlife.SDEWILD.caribou_region_hunts","Y:\sde_wcgis_master (dfgjnusql-gi71p).sde\sde_wcgis_master.DBO.DWCMasters\sde_wcgis_master.DBO.DWCHunts"
276," sde","sde","C:\Documents and Settings\rastrauch\Application Data\ESRI\ArcCatalog\sdewild-1  to wcgis-server3.sde\sde_wildlife.SDEWILD.Hunts\sde_wildlife.SDEWILD.moose_region_hunts","Y:\sde_wcgis_master (dfgjnusql-gi71p).sde\sde_wcgis_master.DBO.DWCMasters\sde_wcgis_master.DBO.DWCHunts"
277," sde","sde","C:\Documents and Settings\rastrauch\Application Data\ESRI\ArcCatalog\sdewild@sde_common83.sde\sde_common83.SDEWILD.Hydrography\sde_common83.SDEWILD.NHDFlowline","Y:\sde_common (dfgjnusql-gi71p).sde\sde_common.DBO.Hydrography\sde_common.DBO.NHDFlowline"
278," sde","sde","C:\Documents and Settings\sktimp.000\Application Data\ESRI\ArcCatalog\Connection to sf-anc-sql1.sde\sde_common83.SDEWILD.Hydrography\sde_common83.SDEWILD.NHDWaterbody","Y:\sde_common (dfgjnusql-gi71p).sde\sde_common.DBO.Hydrography\sde_common.DBO.NHDWaterbody"
279," sde","sde","C:\Documents and Settings\sktimp\Application Data\ESRI\ArcCatalog\Connection to sf-anc-sql1.sde\sde_common83.SDEWILD.Hydrography\sde_common83.SDEWILD.NHDFlowline","Y:\sde_common (dfgjnusql-gi71p).sde\sde_common.DBO.Hydrography\sde_common.DBO.NHDFlowline"
280," sde","sde","C:\Documents and Settings\sktimp\Application Data\ESRI\ArcCatalog\Connection to sf-anc-sql1.sde\sde_common83.SDEWILD.Hydrography\sde_common83.SDEWILD.NHDWaterbody","Y:\sde_common (dfgjnusql-gi71p).sde\sde_common.DBO.Hydrography\sde_common.DBO.NHDWaterbody"
281," sde","sde","C:\Documents and Settings\sktimp\Application Data\ESRI\ArcCatalog\Connection to wcgis-server3 (2).sde\sde_common.SDEWILD.BASE\sde_common.SDEWILD.Orth_temp","Y:\sde_common (dfgjnusql-gi71p).sde\sde_common.DBO.BaseFeatures\sde_common.DBO.placenames_orth"
282," sde","sde","C:\Documents and Settings\sktimp\Application Data\ESRI\ArcCatalog\Connection to wcgis-server3 (2).sde\sde_common83.SDEWILD.Hydrography\sde_common83.SDEWILD.NHDFlowline","Y:\sde_common (dfgjnusql-gi71p).sde\sde_common.DBO.Hydrography\sde_common.DBO.NHDFlowline"
283," sde","sde","C:\Documents and Settings\sktimp\Application Data\ESRI\ArcCatalog\Connection to wcgis-server3 (2).sde\sde_common83.SDEWILD.Hydrography\sde_common83.SDEWILD.NHDWaterbody","Y:\sde_common (dfgjnusql-gi71p).sde\sde_common.DBO.Hydrography\sde_common.DBO.NHDWaterbody"
284," sde","sde","C:\Documents and Settings\sktimp\Application Data\ESRI\ArcCatalog\Connection to wcgis-server3.sde\sde_common83.SDEWILD.Hydrography\sde_common83.SDEWILD.NHDFlowline","Y:\sde_common (dfgjnusql-gi71p).sde\sde_common.DBO.Hydrography\sde_common.DBO.NHDFlowline"
285," sde","_review","C:\Documents and Settings\sktimp\Application Data\ESRI\ArcCatalog\sdewilduser@sde_wc.sde\sde_wc.SDEWILD.gmu_062409\sde_wc.SDEWILD.gmus4",NA
286," sde","_review","C:\Documents and Settings\sktimp\Application Data\ESRI\ArcCatalog\sdewilduser@sde_wc.sde\sde_wc.SDEWILD.gmu_062409\sde_wc.SDEWILD.regions4",NA
287," sde","_review","C:\Documents and Settings\sktimp\Application Data\ESRI\ArcCatalog\sdewilduser@sde_wc.sde\sde_wc.SDEWILD.gmu_062409\sde_wc.SDEWILD.subs4",NA
288," sde","sde","C:\Documents and Settings\sktimp\Application Data\ESRI\ArcCatalog\sdewilduser@sde_wcdev.sde\SDE_WCDEV.SDEWILD.NHDFLOWLINE_AK","Y:\sde_common (dfgjnusql-gi71p).sde\sde_common.DBO.Hydrography\sde_common.DBO.NHDFlowline"
289," sde","sde","C:\Documents and Settings\sktimp\Application Data\ESRI\ArcCatalog\sdewilduser@sdecommon.sde\sde_common.SDEWILD.BASE\sde_common.SDEWILD.GNIS_Placenames","Y:\sde_common (dfgjnusql-gi71p).sde\sde_common.DBO.BaseFeaturesDD\sde_common.DBO.placenames_AKGNIS"
290," sde","sde","C:\Documents and Settings\sktimp\Application Data\ESRI\ArcCatalog\sdewilduser@sdecommon.sde\sde_common.SDEWILD.BASE_OLDNad27\sde_common.SDEWILD.Orth_temp","Y:\sde_common (dfgjnusql-gi71p).sde\sde_common.DBO.BaseFeatures\sde_common.DBO.placenames_orth"
291," sde","sde","C:\Documents and Settings\sktimp\Application Data\ESRI\ArcCatalog\sdewilduser@sdecommon.sde\sde_common.SDEWILD.SectionGrid\sde_common.SDEWILD.SectionGrid_polygon","Y:\sde_common (dfgjnusql-gi71p).sde\sde_common.DBO.TownshipRangeQuads\sde_common.DBO.section_polygon"
292," sde","sde","C:\Documents and Settings\sktimp\Application Data\ESRI\ArcCatalog\sdewilduser@sdecommon.sde\sde_common83.SDEWILD.Hydrography\sde_common83.SDEWILD.NHDArea","Y:\sde_common (dfgjnusql-gi71p).sde\sde_common.DBO.Hydrography\sde_common.DBO.NHDArea"
293," sde","sde","C:\Documents and Settings\sktimp\Application Data\ESRI\ArcCatalog\sdewilduser@sdecommon.sde\sde_common83.SDEWILD.Hydrography\sde_common83.SDEWILD.NHDFlowline","Y:\sde_common (dfgjnusql-gi71p).sde\sde_common.DBO.Hydrography\sde_common.DBO.NHDFlowline"
294," sde","sde","C:\Documents and Settings\sktimp\Application Data\ESRI\ArcCatalog\sdewilduser@sdecommon.sde\sde_common83.SDEWILD.Hydrography\sde_common83.SDEWILD.NHDWaterbody","Y:\sde_common (dfgjnusql-gi71p).sde\sde_common.DBO.Hydrography\sde_common.DBO.NHDWaterbody"
295," sde","sde","C:\Documents and Settings\sktimp\Application Data\ESRI\ArcCatalog\sdewilduser@sdecommon.sde\sde_common83.SDEWILD.nhd2008_Hydrography\sde_common83.SDEWILD.NHDFlowline","Y:\sde_common (dfgjnusql-gi71p).sde\sde_common.DBO.Hydrography\sde_common.DBO.NHDFlowline"
296," sde","sde","C:\Documents and Settings\sktimp\Application Data\ESRI\ArcCatalog\sdewilduser@sdecommon.sde\sde_common83.SDEWILD.nhd2008_Hydrography\sde_common83.SDEWILD.NHDWaterbody","Y:\sde_common (dfgjnusql-gi71p).sde\sde_common.DBO.Hydrography\sde_common.DBO.NHDWaterbody"
297," sde","sde","C:\Documents and Settings\sktimp\Application Data\ESRI\ArcCatalog\sdewilduser@sdecommon.sde\sde_common83.SDEWILD.placenames_XYAKGNIS83","Y:\sde_common (dfgjnusql-gi71p).sde\sde_common.DBO.BaseFeaturesDD\sde_common.DBO.placenames_AKGNIS"
298," sde","sde","C:\Documents and Settings\sktimp\Application Data\ESRI\Desktop10.0\ArcCatalog\sdewilduser@sdecommon.sde\sde_common83.SDEWILD.nhd2008_Hydrography\sde_common83.SDEWILD.NHDWaterbody","Y:\sde_common (dfgjnusql-gi71p).sde\sde_common.DBO.Hydrography\sde_common.DBO.NHDWaterbody"
299," sde","sde","C:\Users\jdmumm\AppData\Local\Temp\16\arc6107\08388ba868fa00edd9a2e0330e37366b.sde\sde_wcgis_master.DBO.DWCMasters\sde_wcgis_master.DBO.DWCHunts","Y:\sde_wcgis_master (dfgjnusql-gi71p).sde\sde_wcgis_master.DBO.DWCMasters\sde_wcgis_master.DBO.DWCHunts"
300," sde","sde","C:\Users\jdmumm\AppData\Local\Temp\16\arc6107\0bc73b1e1b3241f73b9725764e12ed37.sde\sde_wcgis_master.DBO.DWCMasters\sde_wcgis_master.DBO.DWCHunts","Y:\sde_wcgis_master (dfgjnusql-gi71p).sde\sde_wcgis_master.DBO.DWCMasters\sde_wcgis_master.DBO.DWCHunts"
301," sde","sde","C:\Users\jdmumm\AppData\Local\Temp\16\arc6107\0c832234abc38fc45d97870b8712f75e.sde\sde_wcgis_master.DBO.DWCMasters\sde_wcgis_master.DBO.DWCHunts","Y:\sde_wcgis_master (dfgjnusql-gi71p).sde\sde_wcgis_master.DBO.DWCMasters\sde_wcgis_master.DBO.DWCHunts"
302," sde","sde","C:\Users\jdmumm\AppData\Local\Temp\16\arc6107\12f9b1690bc790b8dc92041534917dca.sde\sde_wcgis_master.DBO.DWCMasters\sde_wcgis_master.DBO.DWCHunts","Y:\sde_wcgis_master (dfgjnusql-gi71p).sde\sde_wcgis_master.DBO.DWCMasters\sde_wcgis_master.DBO.DWCHunts"
303," sde","_review","C:\Users\jdmumm\AppData\Local\Temp\16\arc6107\1396c2f793eace75d8f0d82651156c55.sde\sde_wc_dev1.SDEWILD.DWCMasters\sde_wc_dev1.SDEWILD.SpecialAreas",NA
304," sde","sde","C:\Users\jdmumm\AppData\Local\Temp\16\arc6107\1420eab7ce16e3d4bf1f87721807f15e.sde\sde_wcgis_master.DBO.DWCMasters\sde_wcgis_master.DBO.DWCHunts","Y:\sde_wcgis_master (dfgjnusql-gi71p).sde\sde_wcgis_master.DBO.DWCMasters\sde_wcgis_master.DBO.DWCHunts"
305," sde","sde","C:\Users\jdmumm\AppData\Local\Temp\16\arc6107\184bb6ec5f8b0a579ef127018790e4a7.sde\sde_wc_dev1.SDEWILD.DWCMasters\sde_wc_dev1.SDEWILD.DWCHunts","Y:\sde_wcgis_master (dfgjnusql-gi71p).sde\sde_wcgis_master.DBO.DWCMasters\sde_wcgis_master.DBO.DWCHunts"
306," sde","_review","C:\Users\jdmumm\AppData\Local\Temp\16\arc6107\184bb6ec5f8b0a579ef127018790e4a7.sde\sde_wc_dev1.SDEWILD.DWCMasters\sde_wc_dev1.SDEWILD.SpecialAreas",NA
307," sde","sde","C:\Users\jdmumm\AppData\Local\Temp\16\arc6107\1dc3d2b4d584e9f727015a00ea97ed17.sde\sde_wcgis_master.DBO.DWCMasters\sde_wcgis_master.DBO.DWCHunts","Y:\sde_wcgis_master (dfgjnusql-gi71p).sde\sde_wcgis_master.DBO.DWCMasters\sde_wcgis_master.DBO.DWCHunts"
308," sde","sde","C:\Users\jdmumm\AppData\Local\Temp\16\arc6107\1ed989020a6caca49d6f69be1c93cd27.sde\sde_wcgis_master.DBO.DWCMasters\sde_wcgis_master.DBO.DWCHunts","Y:\sde_wcgis_master (dfgjnusql-gi71p).sde\sde_wcgis_master.DBO.DWCMasters\sde_wcgis_master.DBO.DWCHunts"
309," sde","sde","C:\Users\jdmumm\AppData\Local\Temp\16\arc6107\20659274ff954cf7157f101ee0da1cee.sde\sde_wc_dev1.SDEWILD.DWCMasters\sde_wc_dev1.SDEWILD.DWCHunts","Y:\sde_wcgis_master (dfgjnusql-gi71p).sde\sde_wcgis_master.DBO.DWCMasters\sde_wcgis_master.DBO.DWCHunts"
310," sde","_review","C:\Users\jdmumm\AppData\Local\Temp\16\arc6107\20659274ff954cf7157f101ee0da1cee.sde\sde_wc_dev1.SDEWILD.DWCMasters\sde_wc_dev1.SDEWILD.SpecialAreas",NA
311," sde","sde","C:\Users\jdmumm\AppData\Local\Temp\16\arc6107\21e4eaafbb4198bd208252090bf0bdb8.sde\sde_wc_dev1.SDEWILD.DWCMasters\sde_wc_dev1.SDEWILD.DWCHunts","Y:\sde_wcgis_master (dfgjnusql-gi71p).sde\sde_wcgis_master.DBO.DWCMasters\sde_wcgis_master.DBO.DWCHunts"
312," sde","_review","C:\Users\jdmumm\AppData\Local\Temp\16\arc6107\21e4eaafbb4198bd208252090bf0bdb8.sde\sde_wc_dev1.SDEWILD.DWCMasters\sde_wc_dev1.SDEWILD.SpecialAreas",NA
313," sde","sde","C:\Users\jdmumm\AppData\Local\Temp\16\arc6107\2279b1f55a49e72cc9277149ff70b200.sde\sde_wcgis_master.DBO.DWCMasters\sde_wcgis_master.DBO.DWCHunts","Y:\sde_wcgis_master (dfgjnusql-gi71p).sde\sde_wcgis_master.DBO.DWCMasters\sde_wcgis_master.DBO.DWCHunts"
314," sde","sde","C:\Users\jdmumm\AppData\Local\Temp\16\arc6107\27242c4fba49eaac5554a0baa19fb853.sde\sde_wc_dev1.SDEWILD.DWCMasters\sde_wc_dev1.SDEWILD.DWCHunts","Y:\sde_wcgis_master (dfgjnusql-gi71p).sde\sde_wcgis_master.DBO.DWCMasters\sde_wcgis_master.DBO.DWCHunts"
315," sde","_review","C:\Users\jdmumm\AppData\Local\Temp\16\arc6107\27242c4fba49eaac5554a0baa19fb853.sde\sde_wc_dev1.SDEWILD.DWCMasters\sde_wc_dev1.SDEWILD.SpecialAreas",NA
316," sde","sde","C:\Users\jdmumm\AppData\Local\Temp\16\arc6107\28842ee985b928639c1f0c1aefc4126a.sde\sde_wcgis_master.DBO.DWCMasters\sde_wcgis_master.DBO.DWCHunts","Y:\sde_wcgis_master (dfgjnusql-gi71p).sde\sde_wcgis_master.DBO.DWCMasters\sde_wcgis_master.DBO.DWCHunts"
317," sde","_review","C:\Users\jdmumm\AppData\Local\Temp\16\arc6107\28842ee985b928639c1f0c1aefc4126a.sde\sde_wcgis_master.DBO.DWCMasters\sde_wcgis_master.DBO.SpecialAreas",NA
318," sde","sde","C:\Users\jdmumm\AppData\Local\Temp\16\arc6107\290cd136142d9b10f6c3f28b0349b845.sde\sde_wc_dev1.SDEWILD.DWCMasters\sde_wc_dev1.SDEWILD.DWCHunts","Y:\sde_wcgis_master (dfgjnusql-gi71p).sde\sde_wcgis_master.DBO.DWCMasters\sde_wcgis_master.DBO.DWCHunts"
319," sde","_review","C:\Users\jdmumm\AppData\Local\Temp\16\arc6107\290cd136142d9b10f6c3f28b0349b845.sde\sde_wc_dev1.SDEWILD.DWCMasters\sde_wc_dev1.SDEWILD.SpecialAreas",NA
320," sde","sde","C:\Users\jdmumm\AppData\Local\Temp\16\arc6107\2d925332b1bea18bc55b729dcf4fcf70.sde\sde_wcgis_master.DBO.DWCMasters\sde_wcgis_master.DBO.DWCHunts","Y:\sde_wcgis_master (dfgjnusql-gi71p).sde\sde_wcgis_master.DBO.DWCMasters\sde_wcgis_master.DBO.DWCHunts"
321," sde","sde","C:\Users\jdmumm\AppData\Local\Temp\16\arc6107\2f75f1846d15961b9f87c4f534d6acff.sde\sde_wcgis_master.DBO.DWCMasters\sde_wcgis_master.DBO.DWCHunts","Y:\sde_wcgis_master (dfgjnusql-gi71p).sde\sde_wcgis_master.DBO.DWCMasters\sde_wcgis_master.DBO.DWCHunts"
322," sde","sde","C:\Users\jdmumm\AppData\Local\Temp\16\arc6107\30c5c04cf15fcc3ee856a0ab5224bc66.sde\sde_wcgis_master.DBO.DWCMasters\sde_wcgis_master.DBO.DWCHunts","Y:\sde_wcgis_master (dfgjnusql-gi71p).sde\sde_wcgis_master.DBO.DWCMasters\sde_wcgis_master.DBO.DWCHunts"
323," sde","sde","C:\Users\jdmumm\AppData\Local\Temp\16\arc6107\317a6ad7f03912f4ab9a755241646a4e.sde\sde_wcgis_master.DBO.DWCMasters\sde_wcgis_master.DBO.DWCHunts","Y:\sde_wcgis_master (dfgjnusql-gi71p).sde\sde_wcgis_master.DBO.DWCMasters\sde_wcgis_master.DBO.DWCHunts"
324," sde","sde","C:\Users\jdmumm\AppData\Local\Temp\16\arc6107\31e083e227c15037842d067f6098c9d5.sde\sde_wcgis_master.DBO.DWCMasters\sde_wcgis_master.DBO.DWCHunts","Y:\sde_wcgis_master (dfgjnusql-gi71p).sde\sde_wcgis_master.DBO.DWCMasters\sde_wcgis_master.DBO.DWCHunts"
325," sde","sde","C:\Users\jdmumm\AppData\Local\Temp\16\arc6107\32d72b6744cb8f18ad42958058539aed.sde\sde_wcgis_master.DBO.DWCMasters\sde_wcgis_master.DBO.DWCHunts","Y:\sde_wcgis_master (dfgjnusql-gi71p).sde\sde_wcgis_master.DBO.DWCMasters\sde_wcgis_master.DBO.DWCHunts"
326," sde","sde","C:\Users\jdmumm\AppData\Local\Temp\16\arc6107\32d72b6744cb8f18ad42958058539aed.sde\sde_wcgis_master.DBO.DWCMasters\sde_wcgis_master.DBO.SpecialAreas","Y:\sde_wcgis_master (dfgjnusql-gi71p).sde\sde_wcgis_master.DBO.DWCMasters\sde_wcgis_master.DBO.SpecialAreas"
327," sde","sde","C:\Users\jdmumm\AppData\Local\Temp\16\arc6107\37c48ae3069cbcec178d52b4850026d9.sde\sde_wc_dev1.SDEWILD.DWCMasters\sde_wc_dev1.SDEWILD.DWCHunts","Y:\sde_wcgis_master (dfgjnusql-gi71p).sde\sde_wcgis_master.DBO.DWCMasters\sde_wcgis_master.DBO.DWCHunts"
328," sde","sde","C:\Users\jdmumm\AppData\Local\Temp\16\arc6107\390c7b6c2bf7c1581c06cacc27b0ef60.sde\sde_wcgis_master.DBO.DWCMasters\sde_wcgis_master.DBO.DWCHunts","Y:\sde_wcgis_master (dfgjnusql-gi71p).sde\sde_wcgis_master.DBO.DWCMasters\sde_wcgis_master.DBO.DWCHunts"
329," sde","sde","C:\Users\jdmumm\AppData\Local\Temp\16\arc6107\3dda8e8ad587585c36c934b69992b7c4.sde\sde_wcgis_master.DBO.DWCMasters\sde_wcgis_master.DBO.DWCHunts","Y:\sde_wcgis_master (dfgjnusql-gi71p).sde\sde_wcgis_master.DBO.DWCMasters\sde_wcgis_master.DBO.DWCHunts"
330," sde","sde","C:\Users\jdmumm\AppData\Local\Temp\16\arc6107\3dda8e8ad587585c36c934b69992b7c4.sde\sde_wcgis_master.DBO.DWCMasters\sde_wcgis_master.DBO.SpecialAreas","Y:\sde_wcgis_master (dfgjnusql-gi71p).sde\sde_wcgis_master.DBO.DWCMasters\sde_wcgis_master.DBO.SpecialAreas"
331," sde","sde","C:\Users\jdmumm\AppData\Local\Temp\16\arc6107\3e06181b0ca51eddfec6363f9b09ece8.sde\sde_wcgis_master.DBO.DWCMasters\sde_wcgis_master.DBO.DWCHunts","Y:\sde_wcgis_master (dfgjnusql-gi71p).sde\sde_wcgis_master.DBO.DWCMasters\sde_wcgis_master.DBO.DWCHunts"
332," sde","sde","C:\Users\jdmumm\AppData\Local\Temp\16\arc6107\4182b47c38ef1188d768be2b0b40d544.sde\sde_wcgis_master.DBO.DWCMasters\sde_wcgis_master.DBO.DWCHunts","Y:\sde_wcgis_master (dfgjnusql-gi71p).sde\sde_wcgis_master.DBO.DWCMasters\sde_wcgis_master.DBO.DWCHunts"
333," sde","sde","C:\Users\jdmumm\AppData\Local\Temp\16\arc6107\41c324bd258d84a28bb7fcb8a1f6cb57.sde\sde_wc_dev1.SDEWILD.DWCMasters\sde_wc_dev1.SDEWILD.DWCHunts","Y:\sde_wcgis_master (dfgjnusql-gi71p).sde\sde_wcgis_master.DBO.DWCMasters\sde_wcgis_master.DBO.DWCHunts"
334," sde","sde","C:\Users\jdmumm\AppData\Local\Temp\16\arc6107\42e672013d0da684920753d1c4e8875c.sde\sde_wcgis_master.DBO.DWCMasters\sde_wcgis_master.DBO.DWCHunts","Y:\sde_wcgis_master (dfgjnusql-gi71p).sde\sde_wcgis_master.DBO.DWCMasters\sde_wcgis_master.DBO.DWCHunts"
335," sde","sde","C:\Users\jdmumm\AppData\Local\Temp\16\arc6107\42e672013d0da684920753d1c4e8875c.sde\sde_wcgis_master.DBO.DWCMasters\sde_wcgis_master.DBO.SpecialAreas","Y:\sde_wcgis_master (dfgjnusql-gi71p).sde\sde_wcgis_master.DBO.DWCMasters\sde_wcgis_master.DBO.SpecialAreas"
336," sde","sde","C:\Users\jdmumm\AppData\Local\Temp\16\arc6107\4358f6913387ab24dbc80e31d32ae1af.sde\sde_wc_dev1.SDEWILD.DWCMasters\sde_wc_dev1.SDEWILD.DWCHunts","Y:\sde_wcgis_master (dfgjnusql-gi71p).sde\sde_wcgis_master.DBO.DWCMasters\sde_wcgis_master.DBO.DWCHunts"
337," sde","sde","C:\Users\jdmumm\AppData\Local\Temp\16\arc6107\4406ce3fee131f10cd6d5dcc0cad89a4.sde\sde_wcgis_master.DBO.DWCMasters\sde_wcgis_master.DBO.DWCHunts","Y:\sde_wcgis_master (dfgjnusql-gi71p).sde\sde_wcgis_master.DBO.DWCMasters\sde_wcgis_master.DBO.DWCHunts"
338," sde","sde","C:\Users\jdmumm\AppData\Local\Temp\16\arc6107\44a75241103b951b5330456ebd47cd9a.sde\sde_wcgis_master.DBO.DWCMasters\sde_wcgis_master.DBO.DWCHunts","Y:\sde_wcgis_master (dfgjnusql-gi71p).sde\sde_wcgis_master.DBO.DWCMasters\sde_wcgis_master.DBO.DWCHunts"
339," sde","sde","C:\Users\jdmumm\AppData\Local\Temp\16\arc6107\499f224af1d3d1b7abe0238d2512702e.sde\sde_wc_dev1.SDEWILD.DWCMasters\sde_wc_dev1.SDEWILD.DWCHunts","Y:\sde_wcgis_master (dfgjnusql-gi71p).sde\sde_wcgis_master.DBO.DWCMasters\sde_wcgis_master.DBO.DWCHunts"
340," sde","sde","C:\Users\jdmumm\AppData\Local\Temp\16\arc6107\499f224af1d3d1b7abe0238d2512702e.sde\sde_wc_dev1.SDEWILD.DWCMasters\sde_wc_dev1.SDEWILD.UCU_poly","Y:\sde_wcgis_master (dfgjnusql-gi71p).sde\sde_wcgis_master.DBO.DWCMasters\sde_wcgis_master.DBO.UCU_poly"
341," sde","sde","C:\Users\jdmumm\AppData\Local\Temp\16\arc6107\49e07bc0897768389222ab425cff13ff.sde\sde_wcgis_master.DBO.DWCMasters\sde_wcgis_master.DBO.DWCHunts","Y:\sde_wcgis_master (dfgjnusql-gi71p).sde\sde_wcgis_master.DBO.DWCMasters\sde_wcgis_master.DBO.DWCHunts"
342," sde","sde","C:\Users\jdmumm\AppData\Local\Temp\16\arc6107\49e07bc0897768389222ab425cff13ff.sde\sde_wcgis_master.DBO.DWCMasters\sde_wcgis_master.DBO.SpecialAreas","Y:\sde_wcgis_master (dfgjnusql-gi71p).sde\sde_wcgis_master.DBO.DWCMasters\sde_wcgis_master.DBO.SpecialAreas"
343," sde","sde","C:\Users\jdmumm\AppData\Local\Temp\16\arc6107\4d3830a92aa156060214c58076cef526.sde\sde_wcgis_master.DBO.DWCMasters\sde_wcgis_master.DBO.DWCHunts","Y:\sde_wcgis_master (dfgjnusql-gi71p).sde\sde_wcgis_master.DBO.DWCMasters\sde_wcgis_master.DBO.DWCHunts"
344," sde","sde","C:\Users\jdmumm\AppData\Local\Temp\16\arc6107\4e3caacc3beff9e856f043cbb5f834e8.sde\sde_wc_dev1.SDEWILD.DWCMasters\sde_wc_dev1.SDEWILD.DWCHunts","Y:\sde_wcgis_master (dfgjnusql-gi71p).sde\sde_wcgis_master.DBO.DWCMasters\sde_wcgis_master.DBO.DWCHunts"
345," sde","sde","C:\Users\jdmumm\AppData\Local\Temp\16\arc6107\4e3caacc3beff9e856f043cbb5f834e8.sde\sde_wc_dev1.SDEWILD.DWCMasters\sde_wc_dev1.SDEWILD.SpecialAreas","Y:\sde_wcgis_master (dfgjnusql-gi71p).sde\sde_wcgis_master.DBO.DWCMasters\sde_wcgis_master.DBO.SpecialAreas"
346," sde","sde","C:\Users\jdmumm\AppData\Local\Temp\16\arc6107\4f81916a6c163f596d982f8c9b0ecc40.sde\sde_wcgis_master.DBO.DWCMasters\sde_wcgis_master.DBO.DWCHunts","Y:\sde_wcgis_master (dfgjnusql-gi71p).sde\sde_wcgis_master.DBO.DWCMasters\sde_wcgis_master.DBO.DWCHunts"
347," sde","sde","C:\Users\jdmumm\AppData\Local\Temp\16\arc6107\55e7abcdfde094483d57cd07e8f50061.sde\sde_wc_dev1.SDEWILD.DWCMasters\sde_wc_dev1.SDEWILD.DWCHunts","Y:\sde_wcgis_master (dfgjnusql-gi71p).sde\sde_wcgis_master.DBO.DWCMasters\sde_wcgis_master.DBO.DWCHunts"
348," sde","sde","C:\Users\jdmumm\AppData\Local\Temp\16\arc6107\55e7abcdfde094483d57cd07e8f50061.sde\sde_wc_dev1.SDEWILD.DWCMasters\sde_wc_dev1.SDEWILD.SpecialAreas","Y:\sde_wcgis_master (dfgjnusql-gi71p).sde\sde_wcgis_master.DBO.DWCMasters\sde_wcgis_master.DBO.SpecialAreas"
349," sde","sde","C:\Users\jdmumm\AppData\Local\Temp\16\arc6107\564ef36b26215a3e83833b06ce1efbd0.sde\sde_wc_dev1.SDEWILD.DWCMasters\sde_wc_dev1.SDEWILD.DWCHunts","Y:\sde_wcgis_master (dfgjnusql-gi71p).sde\sde_wcgis_master.DBO.DWCMasters\sde_wcgis_master.DBO.DWCHunts"
350," sde","sde","C:\Users\jdmumm\AppData\Local\Temp\16\arc6107\564ef36b26215a3e83833b06ce1efbd0.sde\sde_wc_dev1.SDEWILD.DWCMasters\sde_wc_dev1.SDEWILD.SpecialAreas","Y:\sde_wcgis_master (dfgjnusql-gi71p).sde\sde_wcgis_master.DBO.DWCMasters\sde_wcgis_master.DBO.SpecialAreas"
351," sde","sde","C:\Users\jdmumm\AppData\Local\Temp\16\arc6107\5ab9a8e53537b769b3c612eeb9b19154.sde\sde_wc_dev1.SDEWILD.DWCMasters\sde_wc_dev1.SDEWILD.DWCHunts","Y:\sde_wcgis_master (dfgjnusql-gi71p).sde\sde_wcgis_master.DBO.DWCMasters\sde_wcgis_master.DBO.DWCHunts"
352," sde","sde","C:\Users\jdmumm\AppData\Local\Temp\16\arc6107\5ab9a8e53537b769b3c612eeb9b19154.sde\sde_wc_dev1.SDEWILD.DWCMasters\sde_wc_dev1.SDEWILD.SpecialAreas","Y:\sde_wcgis_master (dfgjnusql-gi71p).sde\sde_wcgis_master.DBO.DWCMasters\sde_wcgis_master.DBO.SpecialAreas"
353," sde","sde","C:\Users\jdmumm\AppData\Local\Temp\16\arc6107\5ae7cbcc6e78b0e2518f5782d9eba59e.sde\sde_wc_dev1.SDEWILD.DWCMasters\sde_wc_dev1.SDEWILD.DWCHunts","Y:\sde_wcgis_master (dfgjnusql-gi71p).sde\sde_wcgis_master.DBO.DWCMasters\sde_wcgis_master.DBO.DWCHunts"
354," sde","sde","C:\Users\jdmumm\AppData\Local\Temp\16\arc6107\5ae7cbcc6e78b0e2518f5782d9eba59e.sde\sde_wc_dev1.SDEWILD.DWCMasters\sde_wc_dev1.SDEWILD.SpecialAreas","Y:\sde_wcgis_master (dfgjnusql-gi71p).sde\sde_wcgis_master.DBO.DWCMasters\sde_wcgis_master.DBO.SpecialAreas"
355," sde","sde","C:\Users\jdmumm\AppData\Local\Temp\16\arc6107\5dddebd3841c350e1a3b4019bb74dae2.sde\sde_wc_dev1.SDEWILD.DWCMasters\sde_wc_dev1.SDEWILD.DWCHunts","Y:\sde_wcgis_master (dfgjnusql-gi71p).sde\sde_wcgis_master.DBO.DWCMasters\sde_wcgis_master.DBO.DWCHunts"
356," sde","sde","C:\Users\jdmumm\AppData\Local\Temp\16\arc6107\5dddebd3841c350e1a3b4019bb74dae2.sde\sde_wc_dev1.SDEWILD.DWCMasters\sde_wc_dev1.SDEWILD.SpecialAreas","Y:\sde_wcgis_master (dfgjnusql-gi71p).sde\sde_wcgis_master.DBO.DWCMasters\sde_wcgis_master.DBO.SpecialAreas"
357," sde","sde","C:\Users\jdmumm\AppData\Local\Temp\16\arc6107\5f71ab73704b0aba137ac54e106a8264.sde\sde_wcgis_master.DBO.DWCMasters\sde_wcgis_master.DBO.DWCHunts","Y:\sde_wcgis_master (dfgjnusql-gi71p).sde\sde_wcgis_master.DBO.DWCMasters\sde_wcgis_master.DBO.DWCHunts"
358," sde","sde","C:\Users\jdmumm\AppData\Local\Temp\16\arc6107\5f71ab73704b0aba137ac54e106a8264.sde\sde_wcgis_master.DBO.DWCMasters\sde_wcgis_master.DBO.SpecialAreas","Y:\sde_wcgis_master (dfgjnusql-gi71p).sde\sde_wcgis_master.DBO.DWCMasters\sde_wcgis_master.DBO.SpecialAreas"
359," sde","sde","C:\Users\jdmumm\AppData\Local\Temp\16\arc6107\602781aa4b7863ccf8fcf4a78b056843.sde\sde_wcgis_master.DBO.DWCMasters\sde_wcgis_master.DBO.DWCHunts","Y:\sde_wcgis_master (dfgjnusql-gi71p).sde\sde_wcgis_master.DBO.DWCMasters\sde_wcgis_master.DBO.DWCHunts"
360," sde","sde","C:\Users\jdmumm\AppData\Local\Temp\16\arc6107\6140cdf82841072e07c1ea9556c190fb.sde\sde_wc_dev1.SDEWILD.DWCMasters\sde_wc_dev1.SDEWILD.DWCHunts","Y:\sde_wcgis_master (dfgjnusql-gi71p).sde\sde_wcgis_master.DBO.DWCMasters\sde_wcgis_master.DBO.DWCHunts"
361," sde","sde","C:\Users\jdmumm\AppData\Local\Temp\16\arc6107\6140cdf82841072e07c1ea9556c190fb.sde\sde_wc_dev1.SDEWILD.DWCMasters\sde_wc_dev1.SDEWILD.SpecialAreas","Y:\sde_wcgis_master (dfgjnusql-gi71p).sde\sde_wcgis_master.DBO.DWCMasters\sde_wcgis_master.DBO.SpecialAreas"
362," sde","sde","C:\Users\jdmumm\AppData\Local\Temp\16\arc6107\65269a4cab0f844bda170ae2f797273f.sde\sde_wcgis_master.DBO.DWCMasters\sde_wcgis_master.DBO.DWCHunts","Y:\sde_wcgis_master (dfgjnusql-gi71p).sde\sde_wcgis_master.DBO.DWCMasters\sde_wcgis_master.DBO.DWCHunts"
363," sde","sde","C:\Users\jdmumm\AppData\Local\Temp\16\arc6107\659a93c5c793adfb29b14ffa6bb97b66.sde\sde_wcgis_master.DBO.DWCMasters\sde_wcgis_master.DBO.DWCHunts","Y:\sde_wcgis_master (dfgjnusql-gi71p).sde\sde_wcgis_master.DBO.DWCMasters\sde_wcgis_master.DBO.DWCHunts"
364," sde","sde","C:\Users\jdmumm\AppData\Local\Temp\16\arc6107\67d44999fd2dd4b9dcea60da488c9f4b.sde\sde_wcgis_master.DBO.DWCMasters\sde_wcgis_master.DBO.DWCHunts","Y:\sde_wcgis_master (dfgjnusql-gi71p).sde\sde_wcgis_master.DBO.DWCMasters\sde_wcgis_master.DBO.DWCHunts"
365," sde","sde","C:\Users\jdmumm\AppData\Local\Temp\16\arc6107\707137653af58eee073087b5df85f204.sde\sde_wc_dev1.SDEWILD.DWCMasters\sde_wc_dev1.SDEWILD.DWCHunts","Y:\sde_wcgis_master (dfgjnusql-gi71p).sde\sde_wcgis_master.DBO.DWCMasters\sde_wcgis_master.DBO.DWCHunts"
366," sde","sde","C:\Users\jdmumm\AppData\Local\Temp\16\arc6107\71b21f3bab04651a176ce1438b962fcf.sde\sde_wcgis_master.DBO.DWCMasters\sde_wcgis_master.DBO.DWCHunts","Y:\sde_wcgis_master (dfgjnusql-gi71p).sde\sde_wcgis_master.DBO.DWCMasters\sde_wcgis_master.DBO.DWCHunts"
367," sde","sde","C:\Users\jdmumm\AppData\Local\Temp\16\arc6107\71b21f3bab04651a176ce1438b962fcf.sde\sde_wcgis_master.DBO.DWCMasters\sde_wcgis_master.DBO.SpecialAreas","Y:\sde_wcgis_master (dfgjnusql-gi71p).sde\sde_wcgis_master.DBO.DWCMasters\sde_wcgis_master.DBO.SpecialAreas"
368," sde","sde","C:\Users\jdmumm\AppData\Local\Temp\16\arc6107\76c3f270a64a042efe98c2a43a8af2ba.sde\sde_wc_dev1.SDEWILD.DWCMasters\sde_wc_dev1.SDEWILD.DWCHunts","Y:\sde_wcgis_master (dfgjnusql-gi71p).sde\sde_wcgis_master.DBO.DWCMasters\sde_wcgis_master.DBO.DWCHunts"
369," sde","sde","C:\Users\jdmumm\AppData\Local\Temp\16\arc6107\794d7cb0d267a1cf13fb2a5e7151841c.sde\sde_wcgis_master.DBO.DWCMasters\sde_wcgis_master.DBO.DWCHunts","Y:\sde_wcgis_master (dfgjnusql-gi71p).sde\sde_wcgis_master.DBO.DWCMasters\sde_wcgis_master.DBO.DWCHunts"
370," sde","sde","C:\Users\jdmumm\AppData\Local\Temp\16\arc6107\794d7cb0d267a1cf13fb2a5e7151841c.sde\sde_wcgis_master.DBO.DWCMasters\sde_wcgis_master.DBO.SpecialAreas","Y:\sde_wcgis_master (dfgjnusql-gi71p).sde\sde_wcgis_master.DBO.DWCMasters\sde_wcgis_master.DBO.SpecialAreas"
371," sde","sde","C:\Users\jdmumm\AppData\Local\Temp\16\arc6107\7a3081337b5ee7a0591d524c7933eabe.sde\sde_wc_dev1.SDEWILD.DWCMasters\sde_wc_dev1.SDEWILD.DWCHunts","Y:\sde_wcgis_master (dfgjnusql-gi71p).sde\sde_wcgis_master.DBO.DWCMasters\sde_wcgis_master.DBO.DWCHunts"
372," sde","sde","C:\Users\jdmumm\AppData\Local\Temp\16\arc6107\7a3081337b5ee7a0591d524c7933eabe.sde\sde_wc_dev1.SDEWILD.DWCMasters\sde_wc_dev1.SDEWILD.SpecialAreas","Y:\sde_wcgis_master (dfgjnusql-gi71p).sde\sde_wcgis_master.DBO.DWCMasters\sde_wcgis_master.DBO.SpecialAreas"
373," sde","sde","C:\Users\jdmumm\AppData\Local\Temp\16\arc6107\7aaf9b55933af3e9e305256f85054945.sde\sde_wcgis_master.DBO.DWCMasters\sde_wcgis_master.DBO.DWCHunts","Y:\sde_wcgis_master (dfgjnusql-gi71p).sde\sde_wcgis_master.DBO.DWCMasters\sde_wcgis_master.DBO.DWCHunts"
374," sde","sde","C:\Users\jdmumm\AppData\Local\Temp\16\arc6107\7aaf9b55933af3e9e305256f85054945.sde\sde_wcgis_master.DBO.DWCMasters\sde_wcgis_master.DBO.SpecialAreas","Y:\sde_wcgis_master (dfgjnusql-gi71p).sde\sde_wcgis_master.DBO.DWCMasters\sde_wcgis_master.DBO.SpecialAreas"
375," sde","sde","C:\Users\jdmumm\AppData\Local\Temp\16\arc6107\7b577c9654bac60ff59035a007c57050.sde\sde_wc_dev1.SDEWILD.DWCMasters\sde_wc_dev1.SDEWILD.DWCHunts","Y:\sde_wcgis_master (dfgjnusql-gi71p).sde\sde_wcgis_master.DBO.DWCMasters\sde_wcgis_master.DBO.DWCHunts"
376," sde","sde","C:\Users\jdmumm\AppData\Local\Temp\16\arc6107\7b577c9654bac60ff59035a007c57050.sde\sde_wc_dev1.SDEWILD.DWCMasters\sde_wc_dev1.SDEWILD.SpecialAreas","Y:\sde_wcgis_master (dfgjnusql-gi71p).sde\sde_wcgis_master.DBO.DWCMasters\sde_wcgis_master.DBO.SpecialAreas"
377," sde","sde","C:\Users\jdmumm\AppData\Local\Temp\16\arc6107\7faafbf48408388f44889e65b14c2ed9.sde\sde_wcgis_master.DBO.DWCMasters\sde_wcgis_master.DBO.DWCHunts","Y:\sde_wcgis_master (dfgjnusql-gi71p).sde\sde_wcgis_master.DBO.DWCMasters\sde_wcgis_master.DBO.DWCHunts"
378," sde","sde","C:\Users\jdmumm\AppData\Local\Temp\16\arc6107\80fb70c662950da0235961a304534afd.sde\sde_wcgis_master.DBO.DWCMasters\sde_wcgis_master.DBO.DWCHunts","Y:\sde_wcgis_master (dfgjnusql-gi71p).sde\sde_wcgis_master.DBO.DWCMasters\sde_wcgis_master.DBO.DWCHunts"
379," sde","sde","C:\Users\jdmumm\AppData\Local\Temp\16\arc6107\8197d2173d5020e0a00064d28439b8ff.sde\sde_wc_dev1.SDEWILD.DWCMasters\sde_wc_dev1.SDEWILD.DWCHunts","Y:\sde_wcgis_master (dfgjnusql-gi71p).sde\sde_wcgis_master.DBO.DWCMasters\sde_wcgis_master.DBO.DWCHunts"
380," sde","sde","C:\Users\jdmumm\AppData\Local\Temp\16\arc6107\8197d2173d5020e0a00064d28439b8ff.sde\sde_wc_dev1.SDEWILD.DWCMasters\sde_wc_dev1.SDEWILD.SpecialAreas","Y:\sde_wcgis_master (dfgjnusql-gi71p).sde\sde_wcgis_master.DBO.DWCMasters\sde_wcgis_master.DBO.SpecialAreas"
381," sde","sde","C:\Users\jdmumm\AppData\Local\Temp\16\arc6107\825c0ef602a2fc8177fc9c851a98c869.sde\sde_wcgis_master.DBO.DWCMasters\sde_wcgis_master.DBO.DWCHunts","Y:\sde_wcgis_master (dfgjnusql-gi71p).sde\sde_wcgis_master.DBO.DWCMasters\sde_wcgis_master.DBO.DWCHunts"
382," sde","sde","C:\Users\jdmumm\AppData\Local\Temp\16\arc6107\898d40f83686b70393368a794452f345.sde\sde_wcgis_master.DBO.DWCMasters\sde_wcgis_master.DBO.DWCHunts","Y:\sde_wcgis_master (dfgjnusql-gi71p).sde\sde_wcgis_master.DBO.DWCMasters\sde_wcgis_master.DBO.DWCHunts"
383," sde","sde","C:\Users\jdmumm\AppData\Local\Temp\16\arc6107\898d40f83686b70393368a794452f345.sde\sde_wcgis_master.DBO.DWCMasters\sde_wcgis_master.DBO.SpecialAreas","Y:\sde_wcgis_master (dfgjnusql-gi71p).sde\sde_wcgis_master.DBO.DWCMasters\sde_wcgis_master.DBO.SpecialAreas"
384," sde","sde","C:\Users\jdmumm\AppData\Local\Temp\16\arc6107\8ad84461d68f8c003119267a9ac53b21.sde\sde_wcgis_master.DBO.DWCMasters\sde_wcgis_master.DBO.DWCHunts","Y:\sde_wcgis_master (dfgjnusql-gi71p).sde\sde_wcgis_master.DBO.DWCMasters\sde_wcgis_master.DBO.DWCHunts"
385," sde","sde","C:\Users\jdmumm\AppData\Local\Temp\16\arc6107\8ae837357caa73c339517889ba02563a.sde\sde_wcgis_master.DBO.DWCMasters\sde_wcgis_master.DBO.DWCHunts","Y:\sde_wcgis_master (dfgjnusql-gi71p).sde\sde_wcgis_master.DBO.DWCMasters\sde_wcgis_master.DBO.DWCHunts"
386," sde","sde","C:\Users\jdmumm\AppData\Local\Temp\16\arc6107\8c721bd36dfacb947b4f36e1669cd02c.sde\sde_wcgis_master.DBO.DWCMasters\sde_wcgis_master.DBO.DWCHunts","Y:\sde_wcgis_master (dfgjnusql-gi71p).sde\sde_wcgis_master.DBO.DWCMasters\sde_wcgis_master.DBO.DWCHunts"
387," sde","sde","C:\Users\jdmumm\AppData\Local\Temp\16\arc6107\8ee6a573bec3ecc4f3a6116a3ef66e8b.sde\sde_wcgis_master.DBO.DWCMasters\sde_wcgis_master.DBO.DWCHunts","Y:\sde_wcgis_master (dfgjnusql-gi71p).sde\sde_wcgis_master.DBO.DWCMasters\sde_wcgis_master.DBO.DWCHunts"
388," sde","sde","C:\Users\jdmumm\AppData\Local\Temp\16\arc6107\92270ab1f03ee4860d00aecbe7e329ed.sde\sde_wcgis_master.DBO.DWCMasters\sde_wcgis_master.DBO.DWCHunts","Y:\sde_wcgis_master (dfgjnusql-gi71p).sde\sde_wcgis_master.DBO.DWCMasters\sde_wcgis_master.DBO.DWCHunts"
389," sde","sde","C:\Users\jdmumm\AppData\Local\Temp\16\arc6107\93c62a6517d709e937863e8e336f4e66.sde\sde_wcgis_master.DBO.DWCMasters\sde_wcgis_master.DBO.DWCHunts","Y:\sde_wcgis_master (dfgjnusql-gi71p).sde\sde_wcgis_master.DBO.DWCMasters\sde_wcgis_master.DBO.DWCHunts"
390," sde","sde","C:\Users\jdmumm\AppData\Local\Temp\16\arc6107\93c62a6517d709e937863e8e336f4e66.sde\sde_wcgis_master.DBO.DWCMasters\sde_wcgis_master.DBO.SpecialAreas","Y:\sde_wcgis_master (dfgjnusql-gi71p).sde\sde_wcgis_master.DBO.DWCMasters\sde_wcgis_master.DBO.SpecialAreas"
391," sde","sde","C:\Users\jdmumm\AppData\Local\Temp\16\arc6107\96ceb6192fb8afc04fe6cb3e9fc018ee.sde\sde_wcgis_master.DBO.DWCMasters\sde_wcgis_master.DBO.DWCHunts","Y:\sde_wcgis_master (dfgjnusql-gi71p).sde\sde_wcgis_master.DBO.DWCMasters\sde_wcgis_master.DBO.DWCHunts"
392," sde","sde","C:\Users\jdmumm\AppData\Local\Temp\16\arc6107\96ceb6192fb8afc04fe6cb3e9fc018ee.sde\sde_wcgis_master.DBO.DWCMasters\sde_wcgis_master.DBO.SpecialAreas","Y:\sde_wcgis_master (dfgjnusql-gi71p).sde\sde_wcgis_master.DBO.DWCMasters\sde_wcgis_master.DBO.SpecialAreas"
393," sde","sde","C:\Users\jdmumm\AppData\Local\Temp\16\arc6107\978622564a50c8ac109e3d15931af0fc.sde\sde_wcgis_master.DBO.DWCMasters\sde_wcgis_master.DBO.DWCHunts","Y:\sde_wcgis_master (dfgjnusql-gi71p).sde\sde_wcgis_master.DBO.DWCMasters\sde_wcgis_master.DBO.DWCHunts"
394," sde","sde","C:\Users\jdmumm\AppData\Local\Temp\16\arc6107\978622564a50c8ac109e3d15931af0fc.sde\sde_wcgis_master.DBO.DWCMasters\sde_wcgis_master.DBO.SpecialAreas","Y:\sde_wcgis_master (dfgjnusql-gi71p).sde\sde_wcgis_master.DBO.DWCMasters\sde_wcgis_master.DBO.SpecialAreas"
395," sde","sde","C:\Users\jdmumm\AppData\Local\Temp\16\arc6107\9b78a76568510370fe811802051b4c86.sde\sde_wcgis_master.DBO.DWCMasters\sde_wcgis_master.DBO.DWCHunts","Y:\sde_wcgis_master (dfgjnusql-gi71p).sde\sde_wcgis_master.DBO.DWCMasters\sde_wcgis_master.DBO.DWCHunts"
396," sde","sde","C:\Users\jdmumm\AppData\Local\Temp\16\arc6107\9bcc123c3251000fe1fc13eece1c1549.sde\sde_wc_dev1.SDEWILD.DWCMasters\sde_wc_dev1.SDEWILD.DWCHunts","Y:\sde_wcgis_master (dfgjnusql-gi71p).sde\sde_wcgis_master.DBO.DWCMasters\sde_wcgis_master.DBO.DWCHunts"
397," sde","sde","C:\Users\jdmumm\AppData\Local\Temp\16\arc6107\9c115c433d81422c866a8ac2686c7500.sde\sde_wc_dev1.SDEWILD.DWCMasters\sde_wc_dev1.SDEWILD.DWCHunts","Y:\sde_wcgis_master (dfgjnusql-gi71p).sde\sde_wcgis_master.DBO.DWCMasters\sde_wcgis_master.DBO.DWCHunts"
398," sde","sde","C:\Users\jdmumm\AppData\Local\Temp\16\arc6107\9c115c433d81422c866a8ac2686c7500.sde\sde_wc_dev1.SDEWILD.DWCMasters\sde_wc_dev1.SDEWILD.SpecialAreas","Y:\sde_wcgis_master (dfgjnusql-gi71p).sde\sde_wcgis_master.DBO.DWCMasters\sde_wcgis_master.DBO.SpecialAreas"
399," sde","sde","C:\Users\jdmumm\AppData\Local\Temp\16\arc6107\9f532be626dc91967bd7010c454a6c63.sde\sde_wcgis_master.DBO.DWCMasters\sde_wcgis_master.DBO.DWCHunts","Y:\sde_wcgis_master (dfgjnusql-gi71p).sde\sde_wcgis_master.DBO.DWCMasters\sde_wcgis_master.DBO.DWCHunts"
400," sde","sde","C:\Users\jdmumm\AppData\Local\Temp\16\arc6107\a32a20222b1e80041f4e41eea1e95c3f.sde\sde_wcgis_master.DBO.DWCMasters\sde_wcgis_master.DBO.DWCHunts","Y:\sde_wcgis_master (dfgjnusql-gi71p).sde\sde_wcgis_master.DBO.DWCMasters\sde_wcgis_master.DBO.DWCHunts"
401," sde","sde","C:\Users\jdmumm\AppData\Local\Temp\16\arc6107\a3e0060474a6fff62ac01f3f7aaf18b6.sde\sde_wcgis_master.DBO.DWCMasters\sde_wcgis_master.DBO.DWCHunts","Y:\sde_wcgis_master (dfgjnusql-gi71p).sde\sde_wcgis_master.DBO.DWCMasters\sde_wcgis_master.DBO.DWCHunts"
402," sde","sde","C:\Users\jdmumm\AppData\Local\Temp\16\arc6107\a62dbd66b6bd4fd26d2f6c9c47b1cc83.sde\sde_wcgis_master.DBO.DWCMasters\sde_wcgis_master.DBO.DWCHunts","Y:\sde_wcgis_master (dfgjnusql-gi71p).sde\sde_wcgis_master.DBO.DWCMasters\sde_wcgis_master.DBO.DWCHunts"
403," sde","sde","C:\Users\jdmumm\AppData\Local\Temp\16\arc6107\a62dbd66b6bd4fd26d2f6c9c47b1cc83.sde\sde_wcgis_master.DBO.DWCMasters\sde_wcgis_master.DBO.SpecialAreas","Y:\sde_wcgis_master (dfgjnusql-gi71p).sde\sde_wcgis_master.DBO.DWCMasters\sde_wcgis_master.DBO.SpecialAreas"
404," sde","sde","C:\Users\jdmumm\AppData\Local\Temp\16\arc6107\a6f2ef98d13a8cf0093dd102ca57145d.sde\sde_wcgis_master.DBO.DWCMasters\sde_wcgis_master.DBO.DWCHunts","Y:\sde_wcgis_master (dfgjnusql-gi71p).sde\sde_wcgis_master.DBO.DWCMasters\sde_wcgis_master.DBO.DWCHunts"
405," sde","sde","C:\Users\jdmumm\AppData\Local\Temp\16\arc6107\a6f2ef98d13a8cf0093dd102ca57145d.sde\sde_wcgis_master.DBO.DWCMasters\sde_wcgis_master.DBO.SpecialAreas","Y:\sde_wcgis_master (dfgjnusql-gi71p).sde\sde_wcgis_master.DBO.DWCMasters\sde_wcgis_master.DBO.SpecialAreas"
406," sde","sde","C:\Users\jdmumm\AppData\Local\Temp\16\arc6107\ac0fa3605eaf21c39b1a7802dcb466b5.sde\sde_wcgis_master.DBO.DWCMasters\sde_wcgis_master.DBO.DWCHunts","Y:\sde_wcgis_master (dfgjnusql-gi71p).sde\sde_wcgis_master.DBO.DWCMasters\sde_wcgis_master.DBO.DWCHunts"
407," sde","sde","C:\Users\jdmumm\AppData\Local\Temp\16\arc6107\ac0fa3605eaf21c39b1a7802dcb466b5.sde\sde_wcgis_master.DBO.DWCMasters\sde_wcgis_master.DBO.SpecialAreas","Y:\sde_wcgis_master (dfgjnusql-gi71p).sde\sde_wcgis_master.DBO.DWCMasters\sde_wcgis_master.DBO.SpecialAreas"
408," sde","sde","C:\Users\jdmumm\AppData\Local\Temp\16\arc6107\ac5538edbd18b5ca674d0c40b36e2c32.sde\sde_wcgis_master.DBO.DWCMasters\sde_wcgis_master.DBO.DWCHunts","Y:\sde_wcgis_master (dfgjnusql-gi71p).sde\sde_wcgis_master.DBO.DWCMasters\sde_wcgis_master.DBO.DWCHunts"
409," sde","sde","C:\Users\jdmumm\AppData\Local\Temp\16\arc6107\ac67f77c9055897dd6587d3020723bdf.sde\sde_wcgis_master.DBO.DWCMasters\sde_wcgis_master.DBO.DWCHunts","Y:\sde_wcgis_master (dfgjnusql-gi71p).sde\sde_wcgis_master.DBO.DWCMasters\sde_wcgis_master.DBO.DWCHunts"
410," sde","sde","C:\Users\jdmumm\AppData\Local\Temp\16\arc6107\adcb6c442a9a575e0c47154958689f94.sde\sde_wcgis_master.DBO.DWCMasters\sde_wcgis_master.DBO.DWCHunts","Y:\sde_wcgis_master (dfgjnusql-gi71p).sde\sde_wcgis_master.DBO.DWCMasters\sde_wcgis_master.DBO.DWCHunts"
411," sde","sde","C:\Users\jdmumm\AppData\Local\Temp\16\arc6107\adcb6c442a9a575e0c47154958689f94.sde\sde_wcgis_master.DBO.DWCMasters\sde_wcgis_master.DBO.SpecialAreas","Y:\sde_wcgis_master (dfgjnusql-gi71p).sde\sde_wcgis_master.DBO.DWCMasters\sde_wcgis_master.DBO.SpecialAreas"
412," sde","sde","C:\Users\jdmumm\AppData\Local\Temp\16\arc6107\afc9c420743edd8e2ce2f9e4621d4ea4.sde\sde_wcgis_master.DBO.DWCMasters\sde_wcgis_master.DBO.DWCHunts","Y:\sde_wcgis_master (dfgjnusql-gi71p).sde\sde_wcgis_master.DBO.DWCMasters\sde_wcgis_master.DBO.DWCHunts"
413," sde","sde","C:\Users\jdmumm\AppData\Local\Temp\16\arc6107\afc9c420743edd8e2ce2f9e4621d4ea4.sde\sde_wcgis_master.DBO.DWCMasters\sde_wcgis_master.DBO.SpecialAreas","Y:\sde_wcgis_master (dfgjnusql-gi71p).sde\sde_wcgis_master.DBO.DWCMasters\sde_wcgis_master.DBO.SpecialAreas"
414," sde","sde","C:\Users\jdmumm\AppData\Local\Temp\16\arc6107\b20df8570055c539b0daaf22571b602f.sde\sde_wc_dev1.SDEWILD.DWCMasters\sde_wc_dev1.SDEWILD.DWCHunts","Y:\sde_wcgis_master (dfgjnusql-gi71p).sde\sde_wcgis_master.DBO.DWCMasters\sde_wcgis_master.DBO.DWCHunts"
415," sde","sde","C:\Users\jdmumm\AppData\Local\Temp\16\arc6107\b2a4ce3acb146cbafde346145f115023.sde\sde_wcgis_master.DBO.DWCMasters\sde_wcgis_master.DBO.DWCHunts","Y:\sde_wcgis_master (dfgjnusql-gi71p).sde\sde_wcgis_master.DBO.DWCMasters\sde_wcgis_master.DBO.DWCHunts"
416," sde","sde","C:\Users\jdmumm\AppData\Local\Temp\16\arc6107\b81d5140f12e1d05119907f84e56fffe.sde\sde_wc_dev1.SDEWILD.DWCMasters\sde_wc_dev1.SDEWILD.DWCHunts","Y:\sde_wcgis_master (dfgjnusql-gi71p).sde\sde_wcgis_master.DBO.DWCMasters\sde_wcgis_master.DBO.DWCHunts"
417," sde","sde","C:\Users\jdmumm\AppData\Local\Temp\16\arc6107\b92a0352654645809a55646330077b63.sde\sde_wcgis_master.DBO.DWCMasters\sde_wcgis_master.DBO.DWCHunts","Y:\sde_wcgis_master (dfgjnusql-gi71p).sde\sde_wcgis_master.DBO.DWCMasters\sde_wcgis_master.DBO.DWCHunts"
418," sde","sde","C:\Users\jdmumm\AppData\Local\Temp\16\arc6107\b92a0352654645809a55646330077b63.sde\sde_wcgis_master.DBO.DWCMasters\sde_wcgis_master.DBO.SpecialAreas","Y:\sde_wcgis_master (dfgjnusql-gi71p).sde\sde_wcgis_master.DBO.DWCMasters\sde_wcgis_master.DBO.SpecialAreas"
419," sde","sde","C:\Users\jdmumm\AppData\Local\Temp\16\arc6107\bc4f6a7b6087a8869169777e8538b07e.sde\sde_wcgis_master.DBO.DWCMasters\sde_wcgis_master.DBO.DWCHunts","Y:\sde_wcgis_master (dfgjnusql-gi71p).sde\sde_wcgis_master.DBO.DWCMasters\sde_wcgis_master.DBO.DWCHunts"
420," sde","sde","C:\Users\jdmumm\AppData\Local\Temp\16\arc6107\bffe9f53af6924754ce7828711878510.sde\sde_wc_dev1.SDEWILD.DWCMasters\sde_wc_dev1.SDEWILD.DWCHunts","Y:\sde_wcgis_master (dfgjnusql-gi71p).sde\sde_wcgis_master.DBO.DWCMasters\sde_wcgis_master.DBO.DWCHunts"
421," sde","sde","C:\Users\jdmumm\AppData\Local\Temp\16\arc6107\c66f8f327a552f4f6bb55c15e3103e19.sde\sde_wcgis_master.DBO.DWCMasters\sde_wcgis_master.DBO.DWCHunts","Y:\sde_wcgis_master (dfgjnusql-gi71p).sde\sde_wcgis_master.DBO.DWCMasters\sde_wcgis_master.DBO.DWCHunts"
422," sde","sde","C:\Users\jdmumm\AppData\Local\Temp\16\arc6107\c66f8f327a552f4f6bb55c15e3103e19.sde\sde_wcgis_master.DBO.DWCMasters\sde_wcgis_master.DBO.SpecialAreas","Y:\sde_wcgis_master (dfgjnusql-gi71p).sde\sde_wcgis_master.DBO.DWCMasters\sde_wcgis_master.DBO.SpecialAreas"
423," sde","sde","C:\Users\jdmumm\AppData\Local\Temp\16\arc6107\ca1a55ab8dea74ea20ea0d2182a8feec.sde\sde_wcgis_master.DBO.DWCMasters\sde_wcgis_master.DBO.DWCHunts","Y:\sde_wcgis_master (dfgjnusql-gi71p).sde\sde_wcgis_master.DBO.DWCMasters\sde_wcgis_master.DBO.DWCHunts"
424," sde","sde","C:\Users\jdmumm\AppData\Local\Temp\16\arc6107\ccb53d19060b5ff56be1b8a1c207ba8f.sde\sde_wcgis_master.DBO.DWCMasters\sde_wcgis_master.DBO.DWCHunts","Y:\sde_wcgis_master (dfgjnusql-gi71p).sde\sde_wcgis_master.DBO.DWCMasters\sde_wcgis_master.DBO.DWCHunts"
425," sde","sde","C:\Users\jdmumm\AppData\Local\Temp\16\arc6107\ccb53d19060b5ff56be1b8a1c207ba8f.sde\sde_wcgis_master.DBO.DWCMasters\sde_wcgis_master.DBO.SpecialAreas","Y:\sde_wcgis_master (dfgjnusql-gi71p).sde\sde_wcgis_master.DBO.DWCMasters\sde_wcgis_master.DBO.SpecialAreas"
426," sde","sde","C:\Users\jdmumm\AppData\Local\Temp\16\arc6107\cea1463f8db352fceb6e04becc37e9df.sde\sde_wcgis_master.DBO.DWCMasters\sde_wcgis_master.DBO.DWCHunts","Y:\sde_wcgis_master (dfgjnusql-gi71p).sde\sde_wcgis_master.DBO.DWCMasters\sde_wcgis_master.DBO.DWCHunts"
427," sde","sde","C:\Users\jdmumm\AppData\Local\Temp\16\arc6107\cea1463f8db352fceb6e04becc37e9df.sde\sde_wcgis_master.DBO.DWCMasters\sde_wcgis_master.DBO.SpecialAreas","Y:\sde_wcgis_master (dfgjnusql-gi71p).sde\sde_wcgis_master.DBO.DWCMasters\sde_wcgis_master.DBO.SpecialAreas"
428," sde","sde","C:\Users\jdmumm\AppData\Local\Temp\16\arc6107\d1614c3fe08d85a624745432f5d48af7.sde\sde_wcgis_master.DBO.DWCMasters\sde_wcgis_master.DBO.DWCHunts","Y:\sde_wcgis_master (dfgjnusql-gi71p).sde\sde_wcgis_master.DBO.DWCMasters\sde_wcgis_master.DBO.DWCHunts"
429," sde","sde","C:\Users\jdmumm\AppData\Local\Temp\16\arc6107\d1614c3fe08d85a624745432f5d48af7.sde\sde_wcgis_master.DBO.DWCMasters\sde_wcgis_master.DBO.SpecialAreas","Y:\sde_wcgis_master (dfgjnusql-gi71p).sde\sde_wcgis_master.DBO.DWCMasters\sde_wcgis_master.DBO.SpecialAreas"
430," sde","sde","C:\Users\jdmumm\AppData\Local\Temp\16\arc6107\d1614c3fe08d85a624745432f5d48af7.sde\sde_wcgis_master.DBO.DWCMasters\sde_wcgis_master.DBO.UCU_poly","Y:\sde_wcgis_master (dfgjnusql-gi71p).sde\sde_wcgis_master.DBO.DWCMasters\sde_wcgis_master.DBO.UCU_poly"
431," sde","sde","C:\Users\jdmumm\AppData\Local\Temp\16\arc6107\d1c93aaa81a79e643ac942ebd571e941.sde\sde_wcgis_master.DBO.DWCMasters\sde_wcgis_master.DBO.DWCHunts","Y:\sde_wcgis_master (dfgjnusql-gi71p).sde\sde_wcgis_master.DBO.DWCMasters\sde_wcgis_master.DBO.DWCHunts"
432," sde","sde","C:\Users\jdmumm\AppData\Local\Temp\16\arc6107\d2af3716a6ad4a11578bf2c0a8c1ce96.sde\sde_wc_dev1.SDEWILD.DWCMasters\sde_wc_dev1.SDEWILD.DWCHunts","Y:\sde_wcgis_master (dfgjnusql-gi71p).sde\sde_wcgis_master.DBO.DWCMasters\sde_wcgis_master.DBO.DWCHunts"
433," sde","sde","C:\Users\jdmumm\AppData\Local\Temp\16\arc6107\d2af3716a6ad4a11578bf2c0a8c1ce96.sde\sde_wc_dev1.SDEWILD.DWCMasters\sde_wc_dev1.SDEWILD.SpecialAreas","Y:\sde_wcgis_master (dfgjnusql-gi71p).sde\sde_wcgis_master.DBO.DWCMasters\sde_wcgis_master.DBO.SpecialAreas"
434," sde","sde","C:\Users\jdmumm\AppData\Local\Temp\16\arc6107\d32c45e62d0cf02edc55ba957aab12d2.sde\sde_wc_dev1.SDEWILD.DWCMasters\sde_wc_dev1.SDEWILD.DWCHunts","Y:\sde_wcgis_master (dfgjnusql-gi71p).sde\sde_wcgis_master.DBO.DWCMasters\sde_wcgis_master.DBO.DWCHunts"
435," sde","sde","C:\Users\jdmumm\AppData\Local\Temp\16\arc6107\d435faf9cd24d8aba8786297fa751ee6.sde\sde_wcgis_master.DBO.DWCMasters\sde_wcgis_master.DBO.DWCHunts","Y:\sde_wcgis_master (dfgjnusql-gi71p).sde\sde_wcgis_master.DBO.DWCMasters\sde_wcgis_master.DBO.DWCHunts"
436," sde","sde","C:\Users\jdmumm\AppData\Local\Temp\16\arc6107\d43f6165274df140cba21d13a9afa7cc.sde\sde_wcgis_master.DBO.DWCMasters\sde_wcgis_master.DBO.DWCHunts","Y:\sde_wcgis_master (dfgjnusql-gi71p).sde\sde_wcgis_master.DBO.DWCMasters\sde_wcgis_master.DBO.DWCHunts"
437," sde","sde","C:\Users\jdmumm\AppData\Local\Temp\16\arc6107\d43f6165274df140cba21d13a9afa7cc.sde\sde_wcgis_master.DBO.DWCMasters\sde_wcgis_master.DBO.SpecialAreas","Y:\sde_wcgis_master (dfgjnusql-gi71p).sde\sde_wcgis_master.DBO.DWCMasters\sde_wcgis_master.DBO.SpecialAreas"
438," sde","sde","C:\Users\jdmumm\AppData\Local\Temp\16\arc6107\d48caa1b7736c7c22e46388c5692d9fe.sde\sde_wc_dev1.SDEWILD.DWCMasters\sde_wc_dev1.SDEWILD.UCU_poly","Y:\sde_wcgis_master (dfgjnusql-gi71p).sde\sde_wcgis_master.DBO.DWCMasters\sde_wcgis_master.DBO.UCU_poly"
439," sde","sde","C:\Users\jdmumm\AppData\Local\Temp\16\arc6107\d5bd08a35ea1c6044131847874abb8c2.sde\sde_wcgis_master.DBO.DWCMasters\sde_wcgis_master.DBO.DWCHunts","Y:\sde_wcgis_master (dfgjnusql-gi71p).sde\sde_wcgis_master.DBO.DWCMasters\sde_wcgis_master.DBO.DWCHunts"
440," sde","sde","C:\Users\jdmumm\AppData\Local\Temp\16\arc6107\d6d42701ae57ca87760822c22c13914e.sde\sde_wcgis_master.DBO.DWCMasters\sde_wcgis_master.DBO.DWCHunts","Y:\sde_wcgis_master (dfgjnusql-gi71p).sde\sde_wcgis_master.DBO.DWCMasters\sde_wcgis_master.DBO.DWCHunts"
441," sde","sde","C:\Users\jdmumm\AppData\Local\Temp\16\arc6107\d6d42701ae57ca87760822c22c13914e.sde\sde_wcgis_master.DBO.DWCMasters\sde_wcgis_master.DBO.SpecialAreas","Y:\sde_wcgis_master (dfgjnusql-gi71p).sde\sde_wcgis_master.DBO.DWCMasters\sde_wcgis_master.DBO.SpecialAreas"
442," sde","sde","C:\Users\jdmumm\AppData\Local\Temp\16\arc6107\dbe9a0368007cbbef94c090c6e5c77d1.sde\sde_wc_dev1.SDEWILD.DWCMasters\sde_wc_dev1.SDEWILD.DWCHunts","Y:\sde_wcgis_master (dfgjnusql-gi71p).sde\sde_wcgis_master.DBO.DWCMasters\sde_wcgis_master.DBO.DWCHunts"
443," sde","sde","C:\Users\jdmumm\AppData\Local\Temp\16\arc6107\dc14781f4d2ff9ec78248b68b2aaac0d.sde\sde_wc_dev1.SDEWILD.DWCMasters\sde_wc_dev1.SDEWILD.DWCHunts","Y:\sde_wcgis_master (dfgjnusql-gi71p).sde\sde_wcgis_master.DBO.DWCMasters\sde_wcgis_master.DBO.DWCHunts"
444," sde","sde","C:\Users\jdmumm\AppData\Local\Temp\16\arc6107\dc14781f4d2ff9ec78248b68b2aaac0d.sde\sde_wc_dev1.SDEWILD.DWCMasters\sde_wc_dev1.SDEWILD.SpecialAreas","Y:\sde_wcgis_master (dfgjnusql-gi71p).sde\sde_wcgis_master.DBO.DWCMasters\sde_wcgis_master.DBO.SpecialAreas"
445," sde","sde","C:\Users\jdmumm\AppData\Local\Temp\16\arc6107\dd78b0c327a2caea3531adef95b554f2.sde\sde_wcgis_master.DBO.DWCMasters\sde_wcgis_master.DBO.DWCHunts","Y:\sde_wcgis_master (dfgjnusql-gi71p).sde\sde_wcgis_master.DBO.DWCMasters\sde_wcgis_master.DBO.DWCHunts"
446," sde","sde","C:\Users\jdmumm\AppData\Local\Temp\16\arc6107\dd78b0c327a2caea3531adef95b554f2.sde\sde_wcgis_master.DBO.DWCMasters\sde_wcgis_master.DBO.SpecialAreas","Y:\sde_wcgis_master (dfgjnusql-gi71p).sde\sde_wcgis_master.DBO.DWCMasters\sde_wcgis_master.DBO.SpecialAreas"
447," sde","sde","C:\Users\jdmumm\AppData\Local\Temp\16\arc6107\df1211fa3f1b2e431571d27c7956e4df.sde\sde_wcgis_master.DBO.DWCMasters\sde_wcgis_master.DBO.DWCHunts","Y:\sde_wcgis_master (dfgjnusql-gi71p).sde\sde_wcgis_master.DBO.DWCMasters\sde_wcgis_master.DBO.DWCHunts"
448," sde","sde","C:\Users\jdmumm\AppData\Local\Temp\16\arc6107\dffcd333e67a26b548e4cd0680a630ac.sde\sde_wc_dev1.SDEWILD.DWCMasters\sde_wc_dev1.SDEWILD.DWCHunts","Y:\sde_wcgis_master (dfgjnusql-gi71p).sde\sde_wcgis_master.DBO.DWCMasters\sde_wcgis_master.DBO.DWCHunts"
449," sde","sde","C:\Users\jdmumm\AppData\Local\Temp\16\arc6107\e063e58a20e35ea12328f5e566d68640.sde\sde_wcgis_master.DBO.DWCMasters\sde_wcgis_master.DBO.DWCHunts","Y:\sde_wcgis_master (dfgjnusql-gi71p).sde\sde_wcgis_master.DBO.DWCMasters\sde_wcgis_master.DBO.DWCHunts"
450," sde","sde","C:\Users\jdmumm\AppData\Local\Temp\16\arc6107\e063e58a20e35ea12328f5e566d68640.sde\sde_wcgis_master.DBO.DWCMasters\sde_wcgis_master.DBO.SpecialAreas","Y:\sde_wcgis_master (dfgjnusql-gi71p).sde\sde_wcgis_master.DBO.DWCMasters\sde_wcgis_master.DBO.SpecialAreas"
451," sde","sde","C:\Users\jdmumm\AppData\Local\Temp\16\arc6107\e62add488243cb943997b98e22b93455.sde\sde_wcgis_master.DBO.DWCMasters\sde_wcgis_master.DBO.DWCHunts","Y:\sde_wcgis_master (dfgjnusql-gi71p).sde\sde_wcgis_master.DBO.DWCMasters\sde_wcgis_master.DBO.DWCHunts"
452," sde","sde","C:\Users\jdmumm\AppData\Local\Temp\16\arc6107\ef94495cf404a80c0c1b3fa210db9435.sde\sde_wc_dev1.SDEWILD.DWCMasters\sde_wc_dev1.SDEWILD.DWCHunts","Y:\sde_wcgis_master (dfgjnusql-gi71p).sde\sde_wcgis_master.DBO.DWCMasters\sde_wcgis_master.DBO.DWCHunts"
453," sde","sde","C:\Users\jdmumm\AppData\Local\Temp\16\arc6107\f1ab63c457c092363c258ce185ccb664.sde\sde_wc_dev1.SDEWILD.DWCMasters\sde_wc_dev1.SDEWILD.DWCHunts","Y:\sde_wcgis_master (dfgjnusql-gi71p).sde\sde_wcgis_master.DBO.DWCMasters\sde_wcgis_master.DBO.DWCHunts"
454," sde","sde","C:\Users\jdmumm\AppData\Local\Temp\16\arc6107\f284e217635834fed00a7a226f7ca893.sde\sde_wc_dev1.SDEWILD.DWCMasters\sde_wc_dev1.SDEWILD.DWCHunts","Y:\sde_wcgis_master (dfgjnusql-gi71p).sde\sde_wcgis_master.DBO.DWCMasters\sde_wcgis_master.DBO.DWCHunts"
455," sde","sde","C:\Users\jdmumm\AppData\Local\Temp\16\arc6107\f284e217635834fed00a7a226f7ca893.sde\sde_wc_dev1.SDEWILD.DWCMasters\sde_wc_dev1.SDEWILD.SpecialAreas","Y:\sde_wcgis_master (dfgjnusql-gi71p).sde\sde_wcgis_master.DBO.DWCMasters\sde_wcgis_master.DBO.SpecialAreas"
456," sde","sde","C:\Users\jdmumm\AppData\Local\Temp\16\arc6107\f35b15c5b9e4f998bac5dcc2c76c95d0.sde\sde_wcgis_master.DBO.DWCMasters\sde_wcgis_master.DBO.DWCHunts","Y:\sde_wcgis_master (dfgjnusql-gi71p).sde\sde_wcgis_master.DBO.DWCMasters\sde_wcgis_master.DBO.DWCHunts"
457," sde","sde","C:\Users\jdmumm\AppData\Local\Temp\16\arc6107\f4ad208959f19a8637836b30967992d0.sde\sde_wcgis_master.DBO.DWCMasters\sde_wcgis_master.DBO.DWCHunts","Y:\sde_wcgis_master (dfgjnusql-gi71p).sde\sde_wcgis_master.DBO.DWCMasters\sde_wcgis_master.DBO.DWCHunts"
458," sde","sde","C:\Users\jdmumm\AppData\Local\Temp\16\arc6107\faf5ba0c6b2235ce93d3f1d2a1aade91.sde\sde_wcgis_master.DBO.DWCMasters\sde_wcgis_master.DBO.DWCHunts","Y:\sde_wcgis_master (dfgjnusql-gi71p).sde\sde_wcgis_master.DBO.DWCMasters\sde_wcgis_master.DBO.DWCHunts"
459," sde","sde","C:\Users\jdmumm\AppData\Local\Temp\16\arc6107\fcb22bf37557cf4b66ecb99e6061a8a8.sde\sde_wcgis_master.DBO.DWCMasters\sde_wcgis_master.DBO.DWCHunts","Y:\sde_wcgis_master (dfgjnusql-gi71p).sde\sde_wcgis_master.DBO.DWCMasters\sde_wcgis_master.DBO.DWCHunts"
460," sde","sde","C:\Users\jdmumm\AppData\Local\Temp\16\arc6107\fe169a2d5cfad5d2a24adc22326ea47c.sde\sde_wc_dev1.SDEWILD.DWCMasters\sde_wc_dev1.SDEWILD.DWCHunts","Y:\sde_wcgis_master (dfgjnusql-gi71p).sde\sde_wcgis_master.DBO.DWCMasters\sde_wcgis_master.DBO.DWCHunts"
461," sde","sde","C:\Users\sktimp.DFG\AppData\Roaming\ESRI\Desktop10.0\ArcCatalog\Connection to wcgis-server3 (5151).sde\sde_common83.SDEWILD.nhd2008_Hydrography\sde_common83.SDEWILD.NHDArea","Y:\sde_common (dfgjnusql-gi71p).sde\sde_common.DBO.Hydrography\sde_common.DBO.NHDArea"
462," sde","sde","C:\Users\sktimp.DFG\AppData\Roaming\ESRI\Desktop10.0\ArcCatalog\Connection to wcgis-server3 (5151).sde\sde_common83.SDEWILD.nhd2008_Hydrography\sde_common83.SDEWILD.NHDFlowline","Y:\sde_common (dfgjnusql-gi71p).sde\sde_common.DBO.Hydrography\sde_common.DBO.NHDFlowline"
463," sde","sde","C:\Users\sktimp.DFG\AppData\Roaming\ESRI\Desktop10.0\ArcCatalog\Connection to wcgis-server3 (5151).sde\sde_common83.SDEWILD.nhd2008_Hydrography\sde_common83.SDEWILD.NHDWaterbody","Y:\sde_common (dfgjnusql-gi71p).sde\sde_common.DBO.Hydrography\sde_common.DBO.NHDWaterbody"
464," sde","sde","C:\Users\sktimp.DFG\AppData\Roaming\ESRI\Desktop10.0\ArcCatalog\Connection to wcgis-server3 (5151).sde\sde_common83.SDEWILD.placenames_XYAKGNIS83","Y:\sde_common (dfgjnusql-gi71p).sde\sde_common.DBO.BaseFeaturesDD\sde_common.DBO.placenames_AKGNIS"
465," sde","sde","C:\Users\sktimp.DFG\AppData\Roaming\ESRI\Desktop10.0\ArcCatalog\DC2008 - sdewild@wc_dev1.sde\sde_wc_dev1.SDEWILD.DWCMasters\sde_wc_dev1.SDEWILD.DWCHunts","Y:\sde_wcgis_master (dfgjnusql-gi71p).sde\sde_wcgis_master.DBO.DWCMasters\sde_wcgis_master.DBO.DWCHunts"
467," sde","_review","C:\Users\sktimp.DFG\AppData\Roaming\ESRI\Desktop10.0\ArcCatalog\DC2008 - sdewild@wc_dev1.sde\sde_wc_dev1.SDEWILD.DWCMasters\sde_wc_dev1.SDEWILD.SpecialAreas",NA
468," sde","sde","C:\Users\sktimp.DFG\AppData\Roaming\ESRI\Desktop10.0\ArcCatalog\DC2008 - sdewild@wc_dev1.sde\sde_wc_dev1.SDEWILD.DWCMasters\sde_wc_dev1.SDEWILD.UCU_poly","Y:\sde_wcgis_master (dfgjnusql-gi71p).sde\sde_wcgis_master.DBO.DWCMasters\sde_wcgis_master.DBO.UCU_poly"
469," sde","sde","C:\Users\sktimp.DFG\AppData\Roaming\ESRI\Desktop10.0\ArcCatalog\_prodDC - sdewcuser@common.sde\sde_common.SDEDFG.BaseFeatures\sde_common.SDEDFG.placenames_orth","Y:\sde_common (dfgjnusql-gi71p).sde\sde_common.DBO.BaseFeatures\sde_common.DBO.placenames_orth"
470," sde","sde","C:\Users\sktimp.DFG\AppData\Roaming\ESRI\Desktop10.0\ArcCatalog\_prodDC - sdewcuser@common.sde\sde_common.SDEDFG.Hydrography\sde_common.SDEDFG.NHDFlowline","Y:\sde_common (dfgjnusql-gi71p).sde\sde_common.DBO.Hydrography\sde_common.DBO.NHDFlowline"
471," sde","sde","C:\Users\sktimp.DFG\AppData\Roaming\ESRI\Desktop10.1\ArcCatalog\DC2008 - sdewild@wc_dev1.sde\sde_wc_dev1.SDEWILD.DWCMasters\sde_wc_dev1.SDEWILD.DWCHunts","Y:\sde_wcgis_master (dfgjnusql-gi71p).sde\sde_wcgis_master.DBO.DWCMasters\sde_wcgis_master.DBO.DWCHunts"
472," sde","_review","C:\Users\sktimp.DFG\AppData\Roaming\ESRI\Desktop10.1\ArcCatalog\DC2008 - sdewild@wc_dev1.sde\sde_wc_dev1.SDEWILD.DWCMasters\sde_wc_dev1.SDEWILD.SpecialAreas",NA
473," sde","sde","C:\Users\sktimp.DFG\AppData\Roaming\ESRI\Desktop10.1\ArcCatalog\_prodDC - sdewcuser@common.sde\sde_common.SDEDFG.BaseFeaturesDD\sde_common.SDEDFG.placenames_AKGNIS","Y:\sde_common (dfgjnusql-gi71p).sde\sde_common.DBO.BaseFeaturesDD\sde_common.DBO.placenames_AKGNIS"
474," sde","sde","C:\Users\sktimp.DFG\AppData\Roaming\ESRI\Desktop10.1\ArcCatalog\_prodDC - sdewcuser@wc_mgmt_master.sde\sde_wc_mgmt_master.SDEWILD.DWCMasters\sde_wc_mgmt_master.SDEWILD.DWCHunts","Y:\sde_wcgis_master (dfgjnusql-gi71p).sde\sde_wcgis_master.DBO.DWCMasters\sde_wcgis_master.DBO.DWCHunts"
475," sde","sde","C:\Users\sktimp.DFG\AppData\Roaming\ESRI\Desktop10.1\ArcCatalog\_prodDC - sdewcuser@wc_mgmt_master.sde\sde_wc_mgmt_master.SDEWILD.DWCMasters\sde_wc_mgmt_master.SDEWILD.SpecialAreas","Y:\sde_wcgis_master (dfgjnusql-gi71p).sde\sde_wcgis_master.DBO.DWCMasters\sde_wcgis_master.DBO.SpecialAreas"
476," sde","sde","C:\Users\sktimp.DFG\AppData\Roaming\ESRI\Desktop10.2\ArcCatalog\__prod-me@wcgis_master.sde\sde_wcgis_master.DBO.DWCMasters\sde_wcgis_master.DBO.DWCHunts","Y:\sde_wcgis_master (dfgjnusql-gi71p).sde\sde_wcgis_master.DBO.DWCMasters\sde_wcgis_master.DBO.DWCHunts"
477," sde","sde","C:\Users\sktimp.DFG\AppData\Roaming\ESRI\Desktop10.2\ArcCatalog\__prod-me@wcgis_master.sde\sde_wcgis_master.DBO.DWCMasters\sde_wcgis_master.DBO.SpecialAreas","Y:\sde_wcgis_master (dfgjnusql-gi71p).sde\sde_wcgis_master.DBO.DWCMasters\sde_wcgis_master.DBO.SpecialAreas"
478," sde","sde","C:\Users\sktimp.DFG\AppData\Roaming\ESRI\Desktop10.3\ArcCatalog\Connection to dfgjnusql-gis1p_WC-GIS.sde\sde_wcgis_master.DBO.DWCMasters\sde_wcgis_master.DBO.DWCHunts","Y:\sde_wcgis_master (dfgjnusql-gi71p).sde\sde_wcgis_master.DBO.DWCMasters\sde_wcgis_master.DBO.DWCHunts"
479," sde","sde","C:\Users\sktimp.DFG\AppData\Roaming\ESRI\Desktop10.3\ArcCatalog\Connection to dfgjnusql-gis1p_WC-GIS.sde\sde_wcgis_master.DBO.DWCMasters\sde_wcgis_master.DBO.SpecialAreas","Y:\sde_wcgis_master (dfgjnusql-gi71p).sde\sde_wcgis_master.DBO.DWCMasters\sde_wcgis_master.DBO.SpecialAreas"
480," sde","sde","C:\Users\sktimp.DFG\AppData\Roaming\ESRI\Desktop10.3\ArcCatalog\JNUMASTER dfgjnusql-gis1p.sde\sde_wcgis_master.DBO.DWCMasters\sde_wcgis_master.DBO.DWCHunts","Y:\sde_wcgis_master (dfgjnusql-gi71p).sde\sde_wcgis_master.DBO.DWCMasters\sde_wcgis_master.DBO.DWCHunts"
481," sde","sde","C:\Users\sktimp.DFG\AppData\Roaming\ESRI\Desktop10.3\ArcCatalog\JNUMASTER dfgjnusql-gis1p.sde\sde_wcgis_master.DBO.DWCMasters\sde_wcgis_master.DBO.SpecialAreas","Y:\sde_wcgis_master (dfgjnusql-gi71p).sde\sde_wcgis_master.DBO.DWCMasters\sde_wcgis_master.DBO.SpecialAreas"
482," sde","sde","C:\Users\sktimp.DFG\AppData\Roaming\ESRI\Desktop10.3\ArcCatalog\JNUMASTER dfgjnusql-gis1p.sde\sde_wcgis_master.DBO.DWCMasters\sde_wcgis_master.DBO.UCU_poly","Y:\sde_wcgis_master (dfgjnusql-gi71p).sde\sde_wcgis_master.DBO.DWCMasters\sde_wcgis_master.DBO.UCU_poly"
483," sde","sde","C:\Users\sktimp.DFG\AppData\Roaming\ESRI\Desktop10.3\ArcCatalog\___prod_sdewild@wcgis_master.sde\sde_wcgis_master.DBO.DWCMasters\sde_wcgis_master.DBO.SpecialAreas","Y:\sde_wcgis_master (dfgjnusql-gi71p).sde\sde_wcgis_master.DBO.DWCMasters\sde_wcgis_master.DBO.SpecialAreas"
484," sde","sde","C:\Users\sktimp.DFG\AppData\Roaming\ESRI\Desktop10.3\ArcCatalog\__prod-me@wcgis_master.sde\sde_wcgis_master.DBO.DWCMasters\sde_wcgis_master.DBO.DWCHunts","Y:\sde_wcgis_master (dfgjnusql-gi71p).sde\sde_wcgis_master.DBO.DWCMasters\sde_wcgis_master.DBO.DWCHunts"
486," sde","sde","\\dfg.alaska.local\gis\Anchorage\GISStaff\___gisStaffConnections\_sde\_prodDC - sdedfg@wc_mgmt_master.sde\sde_wc_mgmt_master.SDEWILD.DWCMasters\sde_wc_mgmt_master.SDEWILD.DWCHunts","Y:\sde_wcgis_master (dfgjnusql-gi71p).sde\sde_wcgis_master.DBO.DWCMasters\sde_wcgis_master.DBO.DWCHunts"
487," sde","sde","\\dfg.alaska.local\gis\Anchorage\GISStaff\___gisStaffConnections\_sde\_prodDC - sdedfg@wc_mgmt_master.sde\sde_wc_mgmt_master.SDEWILD.DWCMasters\sde_wc_mgmt_master.SDEWILD.SpecialAreas","Y:\sde_wcgis_master (dfgjnusql-gi71p).sde\sde_wcgis_master.DBO.DWCMasters\sde_wcgis_master.DBO.SpecialAreas"
488," sde","sde","\\dfg.alaska.local\gis\Anchorage\GISStaff\___gisStaffConnections\wcgis\prod_me@wcgis_master.sde\sde_wcgis_master.DBO.DWCMasters\sde_wcgis_master.DBO.DWCHunts","Y:\sde_wcgis_master (dfgjnusql-gi71p).sde\sde_wcgis_master.DBO.DWCMasters\sde_wcgis_master.DBO.DWCHunts"
489," sde","sde","\\dfg.alaska.local\gis\Anchorage\GISStaff\___gisStaffConnections\wcgis\prod_me@wcgis_master.sde\sde_wcgis_master.DBO.DWCMasters\sde_wcgis_master.DBO.SpecialAreas","Y:\sde_wcgis_master (dfgjnusql-gi71p).sde\sde_wcgis_master.DBO.DWCMasters\sde_wcgis_master.DBO.SpecialAreas"
534," shape","shape ","C:\Data\AK_Refuges_poly 2010\AK_Refuges_poly.shp","\\dfg.alaska.local\gis\Anchorage\GISShare\boundaries\USFWS_Refuges\AK_Refuges_poly.shp"
546," shape","fgdb","C:\Data\UCU_dissolve.shp","\\dfg.alaska.local\GIS\Anchorage\GISShare\DWC_Hunts_SpecArea_GMU\Current.gdb\DWCMasters\UCU_poly"
549," shape","pgdb","C:\Data\arctic_circle.shp","\\dfg.alaska.local\GIS\Anchorage\GISStaff\AK_BASE\ARCTIC_CIRCLE.mdb\arctic_circle"
550," shape","fgdb","C:\GISShare\Infrastructure\major_roads83.shp","\\dfg.alaska.local\GIS\Anchorage\GISStaff\AK_BASE\INFRASTRUCTURE.gdb\ROADS\major_roads"
551," shape","_review","C:\Sally\GMU_Subunit_coast.shp",NA
554," shape","_review","C:\Sally\subunits.shp",NA
555," shape","shape ","C:\Users\GMUs\AK_Simple.shp","\\dfg.alaska.local\GIS\Anchorage\GISShare\Coastline\Alb154\simplecoast.shp"
567," shape","sde","H:\common\Frances\Bison_ahtna\section.shp","Y:\sde_common (dfgjnusql-gi71p).sde\sde_common.DBO.TownshipRangeQuads\sde_common.DBO.section_polygon"
571," shape","sde","H:\common\Frances\Bison_ahtna\township.shp","Y:\sde_common (dfgjnusql-gi71p).sde\sde_common.DBO.PLSS_DD\sde_common.DBO.township"
574," shape","shape ","H:\common\Frances\HR_Projs\Ancsa\Access_Maps\Bison_ahtna\aksimple.shp","\\dfg.alaska.local\GIS\Anchorage\GISShare\Coastline\Alb154\simplecoast.shp"
579," shape","pgdb","T:\AKBase\arctic_circle.shp","\\dfg.alaska.local\GIS\Anchorage\GISStaff\AK_BASE\ARCTIC_CIRCLE.mdb\arctic_circle"
580," shape","fgdb","T:\SHAPES\OCEANCLN.shp","\\dfg.alaska.local\GIS\Anchorage\GISStaff\AK_BASE\WATER.gdb\Ocean_py"
582," shape","pgdb","U:\AKBase\arctic_circle.shp","\\dfg.alaska.local\GIS\Anchorage\GISStaff\AK_BASE\ARCTIC_CIRCLE.mdb\arctic_circle"
583," shape","pgdb","U:\AK_BASE\arctic_circle.shp","\\dfg.alaska.local\GIS\Anchorage\GISStaff\AK_BASE\ARCTIC_CIRCLE.mdb\arctic_circle"
591," shape","fgdb","U:\WC\military\dudded_impact_area.shp","\\dfg.alaska.local\GIS\Anchorage\GISShare\MILITARY AREAS\MILITARY_AREAS.gdb\dudded_impact_area"
593," shape","_review","V:\Boundaries\GMUs\gmusubs.shp",NA
594," shape","sde","\\Wcgis-server3\gisshare\Infrastructure\Roads\gps_akhwysy.shp","Y:\sde_common (dfgjnusql-gi71p).sde\sde_common.DBO.BaseFeatures\sde_common.DBO.simplgps_akhwys"
596," shape","_review","\\dfg.alaska.local\gis\Anchorage\GISShare\Boundaries\GMUs\gmusubs.shp",NA
599," shape","pgdb","\\dfg.alaska.local\gis\Anchorage\GISStaff\AKBase\arctic_circle.shp","\\dfg.alaska.local\GIS\Anchorage\GISStaff\AK_BASE\ARCTIC_CIRCLE.mdb\arctic_circle"
600," shape","fgdb","\\dfg.alaska.local\gis\Anchorage\GISStaff\AKBase\covers\majriv.shp","\\dfg.alaska.local\GIS\Anchorage\GISStaff\AK_BASE\WATER.gdb\major_river"
602," shape","pgdb","\\dfg.alaska.local\gis\Anchorage\GISStaff\AK_BASE\arctic_circle.shp","\\dfg.alaska.local\GIS\Anchorage\GISStaff\AK_BASE\ARCTIC_CIRCLE.mdb\arctic_circle"
607," shape","fgdb","\\dfg.alaska.local\gis\Anchorage\GISStaff\SHAPES\OCEANCLN.shp","\\dfg.alaska.local\GIS\Anchorage\GISStaff\AK_BASE\WATER.gdb\Ocean_py"
615," shape","sde","\\dfg.alaska.local\gis\Anchorage\GISStaff\SHAPES\rescomm.shp","Y:\sde_common (dfgjnusql-gi71p).sde\sde_common.DBO.BaseFeatures\sde_common.DBO.rescomm"
653," shape","fgdb","\\dfg.alaska.local\gis\Anchorage\GISStaff\WC\military\dudded_impact_area.shp","\\dfg.alaska.local\GIS\Anchorage\GISShare\MILITARY AREAS\MILITARY_AREAS.gdb\dudded_impact_area"
661," shape","sde","\\dfg.alaska.local\gis\Anchorage\GISStaff\shapes\rescomm.shp","Y:\sde_common (dfgjnusql-gi71p).sde\sde_common.DBO.BaseFeatures\sde_common.DBO.rescomm"
665," shape","shape ","\\dfg.alaska.local\gis\Anchorage\GISStaff\wc\___NewToFixFromSally\ak_refuges_poly 2010\AK_Refuges_poly.shp","\\dfg.alaska.local\gis\Anchorage\GISShare\boundaries\USFWS_Refuges\AK_Refuges_poly.shp"
668," shape","shape ","\\dfgancdwc186439\c$\Data\AK_Refuges_poly 2010\AK_Refuges_poly.shp","\\dfg.alaska.local\gis\Anchorage\GISShare\boundaries\USFWS_Refuges\AK_Refuges_poly.shp"
677," shape","fgdb","u:\SHAPES\OCEANCLN.shp","\\dfg.alaska.local\GIS\Anchorage\GISStaff\AK_BASE\WATER.gdb\Ocean_py"
679," shape","fgdb","u:\shapes\majrds.shp","\\dfg.alaska.local\GIS\Anchorage\GISStaff\AK_BASE\INFRASTRUCTURE.gdb\ROADS\major_roads"
