UniqID, dataType, newType, brokenPath,priority,code, newPath
1, __Unknown, _review,document: C:\Users\jdmumm\mxds\arcmap\Access_DI454\DI454_Area_old\bisonx.mxd,o,,
2, __Unknown, _review,document: C:\Users\jdmumm\mxds\arcmap\Supplements\0506\15bmoose.mxd,o,,
3, __Unknown, _review,document: C:\Users\jdmumm\mxds\arcmap\Supplements\2021\15_Moose_Edit.mxd,o,,
4, __Unknown, _review,document: C:\Users\jdmumm\mxds\arcmap_gen\archive\0708\nmn26a.mxd,o,,
5, cover_arc, _review,C:\Users\trails\rs2477\arc,,223,
6, cover_arc, _review,T:\WC\timp\general_hunts\gps_akhwy83\arc,,61,
7, cover_arc, _review,\\dfg.alaska.local\gis\Anchorage\GISStaff\akbase\covers\majrds\arc,,212,
8, cover_arc, _review,\\dfg.alaska.local\gis\Anchorage\GISStaff\akbase\covers\majriv\arc,,204,
9, cover_arc, _review,\\dfg.alaska.local\gis\Anchorage\GISStaff\akbase\covers\minrds\arc,,213,
10, cover_arc, _review,\\dfg.alaska.local\gis\Anchorage\GISStaff\akbase\covers\minriv\arc,,211,
11, cover_arc, _review,\\dfg.alaska.local\gis\Anchorage\GISStaff\hydro\dnrnav\navigability\arc,,,
12, cover_arc, _review,\\dfg.alaska.local\gis\Anchorage\GISStaff\trails\rs2477\arc,,223,
13, cover_arc, _review,\\dfg.alaska.local\gis\Anchorage\GISStaff\wc\huntarea\more_features\arcticcir\arc,,205,
14, cover_arc, _review,\\dfg.alaska.local\gis\Anchorage\GISStaff\wc\specareas\more_features\gvea\intertiealb\arc,,,
15, cover_arc, _review,\\dfg.alaska.local\gis\Anchorage\GISStaff\wc\specareas\more_features\intertiealb\arc,,,
16, cover_arc, _review,\\dfgancdwcgis3\gisshare\infrastructure\gvea\gvealine\arc,,,
17, cover_arc, _review,\\dfgancdwcgis3\gisshare\infrastructure\infra63\arc,,,
18, cover_arc, _review,t:\akbase\covers\majriv\arc,,204,
19, cover_arc, _review,t:\wc\regbook\fwsdata\base\rdline\arc,,,
20, cover_arc, _review,v:\_dcw\albers\dnnet\arc,,,
21, cover_point, _review,C:\Users\shapes\rescommalb\point,,59,
22, cover_point, _review,T:\shapes\rescommalb\point,,59,
23, cover_point, _review,\\dfg.alaska.local\gis\Anchorage\GISStaff\shapes\rescomm_83\point,,59,
24, cover_point, _review,\\dfg.alaska.local\gis\Anchorage\GISStaff\shapes\rescommalb\point,,59,
25, cover_point, _review,u:\shapes\rescommalb\point,,59,
26, cover_poly, _review,C:\Users\landstat\dnr\2006\ls2006\polygon,,,
27, cover_poly, _review,T:\WC\timp\general_hunts\alaska\polygon,o,,
28, cover_poly, _review,\\dfg.alaska.local\gis\Anchorage\GISStaff\wc\huntarea\more_features\pwrlnpass_buf\polygon,o,,
29, cover_poly, _review,\\dfg.alaska.local\gis\Anchorage\GISStaff\wc\huntarea\more_features\sewhwy_buf\polygon,o,,
30, cover_poly, _review,c:\sally\nps\ak_nps_parks\akparks\polygon,,208,
31, cover_poly, _review,c:\sally\nwr\kennwr_83\refuge\polygon,,209,
32, cover_poly, _review,h:\common\frances\bison_ahtna\wrnglste\polygon,,,
33, cover_region, _review,C:\Users\jdmumm\mxds\masters\bison\region.hunts,,6,
34, cover_region, _review,C:\Users\jdmumm\timp\general_hunts\alaska\region.state,,50,
35, cover_region, _review,T:\WC\timp\general_hunts\alaska\region.gmu,,154,
36, cover_region, _review,T:\WC\timp\general_hunts\alaska\region.state,,50,
37, cover_region, _review,T:\WC\timp\general_hunts\redo_ca83\region.ca,,199,
38, cover_region, _review,T:\WC\timp\general_hunts\redo_cua83\region.cua,,200,
39, cover_region, _review,T:\WC\timp\general_hunts\redo_ma83\region.ma,,201,
40, cover_region, _review,\\dfg.alaska.local\gis\Anchorage\GISStaff\wc\huntarea\masters\moose_0910\region.hunts,,6,
41, cover_region, _review,\\dfg.alaska.local\gis\Anchorage\GISStaff\wc\huntarea\masters\sheep_0809\region.hunts,,6,
42, cover_region, _review,\\dfg.alaska.local\gis\Anchorage\GISStaff\wc\huntarea\oldmasters\caribou\region.hunts,,6,
43, cover_region, _review,\\dfg.alaska.local\gis\Anchorage\GISStaff\wc\huntarea\oldmasters\moose\region.hunts,,6,
44, cover_region, _review,\\dfg.alaska.local\gis\Anchorage\GISStaff\wc\specareas\masters\closed\region.closed,,199,
45, cover_region, _review,\\dfg.alaska.local\gis\Anchorage\GISStaff\wc\specareas\masters\controlled\region.cua,,200,
46, cover_region, _review,\\dfg.alaska.local\gis\Anchorage\GISStaff\wc\specareas\masters\goa\region.sua,,,
47, cover_region, _review,\\dfg.alaska.local\gis\Anchorage\GISStaff\wc\timp\general_hunts\alaska\region.gmu,,154,
48, cover_region, _review,\\dfg.alaska.local\gis\Anchorage\GISStaff\wc\timp\general_hunts\alaska\region.state,,50,
49, cover_region, _review,\\dfgancdwcgis3\gisshare\boundaries\administrative\adminbnd\region.bnds,,,
50, cover_region, _review,c:\sally\akucu83\region.subs,,,
51, cover_region, _review,t:\wc\huntarea\masters_gen\blkbear\region.ghunts,,,
52, cover_region, _review,t:\wc\huntarea\masters_gen\caribou\region.ghunts,,,
53, cover_region, _review,t:\wc\huntarea\masters_gen\moose\region.ghunts,,,
54, cover_region, _review,t:\wc\huntarea\masters_gen\sheep\region.ghunts,,,
55, cover_region, _review,t:\wc\specareas\masters\controlled\region.controlled,,,
56, cover_region, _review,u:\wc\timp\general_hunts\alaska\region.gmu,,,
57, cover_region, _review,u:\wc\timp\general_hunts\alaska\region.state,,,
58, fgdb, _review,C:\Data\NPS 2010\akparks.gdb\ParkBnd,,208,
59, fgdb, _review,C:\Data\NPS\akparks.gdb\ParkBnd,,208,
60, fgdb, _review,C:\GISShare\_nhd\2013April\NHDH_AK.gdb\Hydrography\NHDArea,,138,
61, fgdb, _review,C:\GISShare\_nhd\2013April\NHDH_AK.gdb\Hydrography\NHDFlowline,,140,
62, fgdb, _review,C:\GISShare\_nhd\2013April\NHDH_AK.gdb\Hydrography\NHDWaterbody,,142,
63, fgdb, _review,C:\LS09.gdb\RailRoad,,,
64, fgdb, _review,C:\Sally\NHD_Alaska.gdb\NHDFlowline,,140,
65, fgdb, _review,C:\Sally\NHD_Alaska.gdb\NHDWaterbody,,142,
66, fgdb, _review,C:\Users\sktimp.DFG\Documents\ArcGIS\Default.gdb\Export_Output,o,,
67, fgdb, _review,O:\DSF\R5\AWC\SeakHydro\SEAK_hydro_01252013.gbb\SEAKHydro_01252013.gdb\SE_AK_Hydro\Stream_LN,,,
68, fgdb, _review,O:\DSF\R5\cartography\graham\LandStatus\Landstatus10.gdb\Anchorage\MOA_parks,,,
69, fgdb, _review,O:\DSF\R5\cartography\graham\LandStatus\Landstatus10.gdb\Boundaries\StateParks,,208,
70, fgdb, _review,O:\DSF\R5\cartography\graham\LandStatus\Landstatus10.gdb\Fairbanks\TaxParcel,,,
71, fgdb, _review,O:\DSF\R5\cartography\graham\LandStatus\Landstatus10.gdb\General\LS_GEN_DNR_feb_2013,,,
72, fgdb, _review,O:\DSF\R5\cartography\graham\LandStatus\Landstatus10.gdb\Grid\Section,,,
73, fgdb, _review,O:\DSF\R5\cartography\graham\LandStatus\Landstatus10.gdb\Infrastructure\Easement17bLine,,,
74, fgdb, _review,O:\DSF\R5\cartography\graham\LandStatus\Landstatus10.gdb\Infrastructure\Easement17bPoint,,,
75, fgdb, _review,O:\DSF\R5\cartography\graham\LandStatus\Landstatus10.gdb\Infrastructure\Infra63_Line,,,
76, fgdb, _review,O:\DSF\R5\cartography\graham\LandStatus\Landstatus10.gdb\Infrastructure\MatsuRoadsAlbers,,,
77, fgdb, _review,O:\DSF\R5\cartography\graham\LandStatus\Landstatus10.gdb\Infrastructure\RST2477,,,
78, fgdb, _review,O:\DSF\R5\cartography\graham\LandStatus\Landstatus10.gdb\Infrastructure\RailRoad,,221,
79, fgdb, _review,O:\DSF\R5\cartography\graham\LandStatus\Landstatus10.gdb\Infrastructure\SecondaryRoads,,,
80, fgdb, _review,O:\DSF\R5\cartography\graham\LandStatus\Landstatus10.gdb\NPS\NPS_Name_Type,,,
81, fgdb, _review,O:\DSF\R5\cartography\graham\LandStatus\Landstatus10.gdb\NPS\NPSfederal,,,
82, fgdb, _review,O:\DSF\R5\cartography\graham\LandStatus\Landstatus10.gdb\NPS\ParkBndy,,226,
83, fgdb, _review,O:\DSF\R5\cartography\graham\LandStatus\Landstatus10.gdb\Ownership\MunicipalEntitlement,,,
84, fgdb, _review,O:\DSF\R5\cartography\graham\LandStatus\Landstatus10.gdb\USFWS\NWR,,209,
85, fgdb, _review,O:\DSF\R5\hr_projs\Special_Areas\SpecialAreaAccess\SpecialAreaAccess.gdb\Creamers_Field_Trail_CreateR,o,,
86, fgdb, _review,S:\wc\DWCcommon_current.gdb\DWCMasters\SpecialAreas,,150,
87, fgdb, _review,S:\wc\DWCcommon_current.gdb\GMUDissolved\GMU_Subunit,,156,
88, fgdb, _review,U:\WC\huntarea\2015 40Mile Zones.gdb\zones40mile,,,
89, fgdb, _review,U:\WC\regbook_MPS\RegBook.gdb\GMU_S500,,,
90, fgdb, _review,U:\WC\regbook_MPS\RegBook.gdb\SUBUNIT_S100,,,
91, fgdb, _review,V:\_nhd\2010\NHD21001_AK.gdb\Hydrography\NHDFlowline,,140,
92, fgdb, _review,V:\_nhd\2010\NHD21001_AK.gdb\Hydrography\NHDWaterbody,,142,
93, fgdb, _review,V:\_nhd\2011Nov\NHDH_AK_92v200.gdb\Hydrography\NHDFlowline,,140,
94, fgdb, _review,V:\_nhd\2011Nov\NHDH_AK_92v200.gdb\Hydrography\NHDWaterbody,,142,
95, fgdb, _review,V:\_nhd\2012Sept\NHDH_AK.gdb\Hydrography\NHDFlowline,,140,
96, fgdb, _review,V:\_nhd\2012Sept\NHDH_AK.gdb\Hydrography\NHDWaterbody,,142,
97, fgdb, _review,V:\_nhd\2013April\NHDH_AK.gdb\Hydrography\NHDFlowline,,140,
98, fgdb, _review,V:\_nhd\2013April\NHDH_AK.gdb\Hydrography\NHDWaterbody,,142,
99, fgdb, _review,V:\_nhd\2013Aug\NHDH_AK.gdb\Hydrography\NHDFlowline,,140,
100, fgdb, _review,V:\_nhd\2013Aug\NHDH_AK.gdb\Hydrography\NHDWaterbody,,142,
101, fgdb, _review,V:\_nhd\2015March\NHDH_AK.gdb\Hydrography\NHDFlowline,,140,
102, fgdb, _review,V:\_nhd\2015March\NHDH_AK.gdb\Hydrography\NHDWaterbody,,142,
103, fgdb, _review,V:\dwc_hunts_specarea_gmu\Current20190701.gdb\DWCMasters\DWCHunts,,6,
104, fgdb, _review,V:\dwc_hunts_specarea_gmu\Current20190701.gdb\DWCMasters\SpecialAreas,,5,
105, fgdb, _review,V:\dwc_hunts_specarea_gmu\Current20190701.gdb\GMULayers\GMU,,154,
106, fgdb, _review,V:\dwc_hunts_specarea_gmu\Current20190701.gdb\GMULayers\Regions,,152,
107, fgdb, _review,V:\dwc_hunts_specarea_gmu\Current20190701.gdb\GMULayers\Subunits,,156,
108, fgdb, _review,V:\dwc_hunts_specarea_gmu\Current20190701.gdb\SpecialAreaLayers\ClosedToHunting,,199,
109, fgdb, _review,V:\dwc_hunts_specarea_gmu\Current20190701.gdb\SpecialAreaLayers\ControlledUse,,200,
110, fgdb, _review,V:\dwc_hunts_specarea_gmu\Current20190701.gdb\SpecialAreaLayers\Management,,201,
111, fgdb, _review,\\DFGANCDWCGIS3\gisshare\MILITARY AREAS\MILITARY_AREAS.gdb\dudded_impact_area,,206,
112, fgdb, _review,\\DFGANCDWCGIS3\gisshare\_nhd\2010\NHD21001_AK.gdb\Hydrography\NHDWaterbody,,142,
113, fgdb, _review,\\DFGANCDWCGIS3\gisshare\_nhd\2015March\NHDH_AK.gdb\Hydrography\NHDFlowline,,140,
114, fgdb, _review,\\DFGANCGISDEV2\agsdev\data\wc\Master_current.gdb\GMULayers\Subunits,,156,
115, fgdb, _review,\\DFGANCGISPROD1\data\wc\DWCcommon_current.gdb\GMUDissolved\GMU_GMU,,154,
116, fgdb, _review,\\DFGANCGISPROD1\data\wc\DWCcommon_current.gdb\GMUDissolved\GMU_Subunit,,156,
117, fgdb, _review,\\DFGANCGISPROD1\data\wc\DWCcommon_current.gdb\GMUDissolved\GMU_UCU_coast,,148,
118, fgdb, _review,\\DFGANCGISPROD1\data\wc\Master_current.gdb\GMULayers\GMU,,154,
119, fgdb, _review,\\DFGANCGISPROD1\data\wc\Master_current.gdb\GMULayers\Subunits,,156,
120, fgdb, _review,\\DFGANCGISPROD1\data\wc\Master_current.gdb\GMULayers\UCU,,148,
121, fgdb, _review,\\DFGANCGISPROD1\data\wc\WMA_GMU.gdb\Regions,,152,
122, fgdb, _review,\\DFGANCGISPROD1\data\wc\WMA_GMU.gdb\Subunits,,156,
123, fgdb, _review,\\DFGANCGISPROD2\agsprod\data\common\Hydro\NHD21001_AK.gdb\Hydrography\NHDWaterbody,,142,
124, fgdb, _review,\\DFGANCGISPROD2\agsprod\data\wc\Master_current.gdb\DWCMasters\DWCHunts,,6,
125, fgdb, _review,\\DFGANCGISPROD2\agsprod\data\wc\Master_current.gdb\GMULayers\GMU,,154,
126, fgdb, _review,\\DFGANCGISPROD2\agsprod\data\wc\Master_current.gdb\GMULayers\Subunits,,156,
127, fgdb, _review,\\Wcgis-server3\gisshare\_nhd\2010\NHD21001_AK.gdb\Hydrography\NHDFlowline,,140,
128, fgdb, _review,\\dfg.alaska.local\GIS\Anchorage\GISShare\DWC_Hunts_SpecArea_GMU\Current20181109.gdb\GMULayers\Subunits,,156,
129, fgdb, _review,\\dfg.alaska.local\GIS\Anchorage\GISShare\DWC_Hunts_SpecArea_GMU\Current20190204.gdb\DWCMasters\DWCHunts,,6,
130, fgdb, _review,\\dfg.alaska.local\GIS\Anchorage\GISShare\DWC_Hunts_SpecArea_GMU\Current20190204.gdb\DWCMasters\SpecialAreas,,5,
131, fgdb, _review,\\dfg.alaska.local\GIS\Anchorage\GISShare\DWC_Hunts_SpecArea_GMU\Current20190204.gdb\GMULayers\GMU,,154,
132, fgdb, _review,\\dfg.alaska.local\GIS\Anchorage\GISShare\DWC_Hunts_SpecArea_GMU\Current20190204.gdb\GMULayers\Subunits,,156,
133, fgdb, _review,\\dfg.alaska.local\GIS\Anchorage\GISShare\DWC_Hunts_SpecArea_GMU\Current20190204.gdb\GMULayers\UCU,,148,
134, fgdb, _review,\\dfg.alaska.local\GIS\Anchorage\GISShare\DWC_Hunts_SpecArea_GMU\Current20190204.gdb\SpecialAreaLayers\ClosedToHunting,,199,
135, fgdb, _review,\\dfg.alaska.local\GIS\Anchorage\GISShare\DWC_Hunts_SpecArea_GMU\Current20190204.gdb\SpecialAreaLayers\ControlledUse,,200,
136, fgdb, _review,\\dfg.alaska.local\GIS\Servers\PROD\data\wc\Master_current.gdb\GMULayers\GMU,,154,
137, fgdb, _review,\\dfg.alaska.local\GIS\Servers\PROD\data\wc\Master_current.gdb\GMULayers\Subunits,,156,
138, fgdb, _review,\\dfg.alaska.local\gis\Anchorage\GISShare\DWC_Hunts_SpecArea_GMU\Current20190204.gdb\DWCMasters\DWCHunts,,149,
139, fgdb, _review,\\dfg.alaska.local\gis\Anchorage\GISShare\DWC_Hunts_SpecArea_GMU\Current20190204.gdb\DWCMasters\SpecialAreas,,5,
140, fgdb, _review,\\dfg.alaska.local\gis\Anchorage\GISShare\DWC_Hunts_SpecArea_GMU\Current20190204.gdb\GMULayers\GMU,,154,
141, fgdb, _review,\\dfg.alaska.local\gis\Anchorage\GISShare\DWC_Hunts_SpecArea_GMU\Current20190204.gdb\SpecialAreaLayers\ClosedToHunting,,199,
142, fgdb, _review,\\dfg.alaska.local\gis\Anchorage\GISShare\Landstatus\Landstatus10.gdb\NPS\NPS_Name_Type,,,
143, fgdb, _review,\\dfg.alaska.local\gis\Anchorage\GISShare\_nhd\2010\NHD21001_AK.gdb\Hydrography\NHDFlowline,,140,
144, fgdb, _review,\\dfg.alaska.local\gis\Anchorage\GISShare\_nhd\2010\NHD21001_AK.gdb\Hydrography\NHDWaterbody,,142,
145, fgdb, _review,\\dfg.alaska.local\gis\Anchorage\GISShare\_nhd\2011Nov\NHDH_AK_92v200.gdb\Hydrography\NHDFlowline,,140,
146, fgdb, _review,\\dfg.alaska.local\gis\Anchorage\GISShare\_nhd\2011Nov\NHDH_AK_92v200.gdb\Hydrography\NHDWaterbody,,142,
147, fgdb, _review,\\dfg.alaska.local\gis\Anchorage\GISShare\_nhd\2012Sept\NHDH_AK.gdb\Hydrography\NHDFlowline,,140,
148, fgdb, _review,\\dfg.alaska.local\gis\Anchorage\GISShare\_nhd\2012Sept\NHDH_AK.gdb\Hydrography\NHDWaterbody,,142,
149, fgdb, _review,\\dfg.alaska.local\gis\Anchorage\GISShare\_nhd\2013April\NHDH_AK.gdb\Hydrography\NHDFlowline,,140,
150, fgdb, _review,\\dfg.alaska.local\gis\Anchorage\GISShare\_nhd\2013April\NHDH_AK.gdb\Hydrography\NHDWaterbody,,142,
151, fgdb, _review,\\dfg.alaska.local\gis\Anchorage\GISShare\_nhd\2013Aug\NHDH_AK.gdb\Hydrography\NHDFlowline,,140,
152, fgdb, _review,\\dfg.alaska.local\gis\Anchorage\GISShare\_nhd\2013Aug\NHDH_AK.gdb\Hydrography\NHDWaterbody,,142,
153, fgdb, _review,\\dfg.alaska.local\gis\Anchorage\GISShare\_nhd\2015March\NHDH_AK.gdb\Hydrography\NHDFlowline,,140,
154, fgdb, _review,\\dfg.alaska.local\gis\Anchorage\GISShare\_nhd\2015March\NHDH_AK.gdb\Hydrography\NHDWaterbody,,142,
155, fgdb, _review,\\dfg.alaska.local\gis\Anchorage\GISShare\_nhd\2015Sept\NHDH_AK.gdb\Hydrography\NHDFlowline,,140,
156, fgdb, _review,\\dfg.alaska.local\gis\Anchorage\GISShare\_nhd\2015Sept\NHDH_AK.gdb\Hydrography\NHDWaterbody,,142,
157, fgdb, _review,\\dfg.alaska.local\gis\Anchorage\GISShare\_nhd\NHDH_AK.gdb\Hydrography\NHDFlowline,,140,
158, fgdb, _review,\\dfg.alaska.local\gis\Anchorage\GISShare\_nhd\NHDH_AK.gdb\Hydrography\NHDWaterbody,,142,
159, fgdb, _review,\\dfg.alaska.local\gis\Anchorage\GISShare\_nhd\NHD_H_Alaska_State_GDB.gdb\Hydrography\NHDFlowline,,140,
160, fgdb, _review,\\dfg.alaska.local\gis\Anchorage\GISShare\_nhd\NHD_H_Alaska_State_GDB.gdb\Hydrography\NHDWaterbody,,142,
161, fgdb, _review,\\dfg.alaska.local\gis\Anchorage\GISStaff\AK_BASE\INFRASTRUCTURE.gdb\RAILS\SallyRailroads_RB,,221,
162, fgdb, _review,\\dfg.alaska.local\gis\Anchorage\GISStaff\RangeMaps\Data\Other_Data.gdb\Elk,,,
163, fgdb, _review,\\dfg.alaska.local\gis\Anchorage\GISStaff\WC\regbook_MPS\RegBook.gdb\GMU_S500,,,
164, fgdb, _review,\\dfg.alaska.local\gis\Anchorage\GISStaff\WC\regbook_MPS\RegBook.gdb\SUBUNIT_S100,,,
165, fgdb, _review,\\dfgancdwc186439\c$\Data\NPS\akparks.gdb\ParkBnd,,208,
166, fgdb, _review,\\dfgancdwcgis3\gisshare\Infrastructure\ADOT_centerline_mileposts.gdb\dot_centerline_route,,60,
167, fgdb, _review,\\dfgancdwcgis3\gisshare\_nhd\2011Nov\NHDH_AK_92v200.gdb\Hydrography\NHDFlowline,,140,
168, fgdb, _review,\\dfgancdwcgis3\gisshare\_nhd\2011Nov\NHDH_AK_92v200.gdb\Hydrography\NHDWaterbody,,142,
169, fgdb, _review,\\dfgancgisdev2\agsdev\data\common\LandStatus\Landstatus10.gdb\Infrastructure\ConsolidatedRoads,,,
170, fgdb, _review,\\dfgancgisdev2\agsdev\data\common\LandStatus\Landstatus10.gdb\Infrastructure\SE_Roads,,,
171, fgdb, _review,\\dfgancgisdev2\agsdev\data\common\LandStatus\Landstatus10.gdb\Infrastructure\SecondaryRoads,,,
172, fgdb, _review,\\dfgancgisdev2\agsdev\data\wc\Master_current.gdb\GMULayers\GMU,,154,
173, fgdb, _review,\\dfgancgisdev2\agsdev\data\wc\Master_current.gdb\GMULayers\Regions,,152,
174, fgdb, _review,\\dfgancgisdev2\agsdev\data\wc\Master_current.gdb\GMULayers\Subunits,,156,
175, fgdb, _review,\\dfgancgisdev3\agsdev\data\wc\Master_current.gdb\DWCMasters\DWCHunts,,6,
176, fgdb, _review,\\dfgancgisdev3\agsdev\data\wc\Master_current.gdb\DWCMasters\SpecialAreas,,150,
177, fgdb, _review,\\dfgancgisdev3\agsdev\data\wc\Master_current.gdb\DWCMasters\UCU_poly,,4,
178, fgdb, _review,\\dfgancgisdev3\agsdev\data\wc\Master_current.gdb\GMULayers\GMU,,154,
179, fgdb, _review,\\dfgancgisdev3\agsdev\data\wc\Master_current.gdb\GMULayers\Subunits,,156,
180, fgdb, _review,\\dfgancgisdev3\agsdev\data\wc\Master_current.gdb\SpecialAreaLayers\ClosedToHunting,,199,
181, fgdb, _review,\\dfgancgisdev3\agsdev\data\wc\Master_current.gdb\SpecialAreaLayers\ControlledUse,,200,
182, fgdb, _review,\\dfgancgisdev3\agsdev\data\wc\Master_current.gdb\SpecialAreaLayers\Management,,201,
183, fgdb, _review,\\dfgancgisprod1\agsprod\data\wc\Master_current.gdb\GMULayers\GMU,,154,
184, fgdb, _review,\\dfgancgisprod1\agsprod\data\wc\Master_current.gdb\GMULayers\Subunits,,156,
185, pgdb, _review,C:\Data\USFS\Chugach National Forest\Chugach FS Trails.mdb\Trails,,215,
186, pgdb, _review,C:\GISShare\Infrastructure\ADOT_02152007_routes_mileposts.mdb\RouteFeatures,,60,
187, pgdb, _review,C:\Users\Grids\Township_Sections.mdb\township_polygon,,79,
188, pgdb, _review,\\dfg.alaska.local\gis\Anchorage\GISShare\AnchCD\becky\MOA\moa.mdb\MOA_Airports,,,
189, pgdb, _review,\\dfg.alaska.local\gis\Anchorage\GISShare\AnchCD\becky\MOA\moa.mdb\MOA_Parks,,,
190, pgdb, _review,\\dfg.alaska.local\gis\Anchorage\GISShare\Infrastructure\ADOT_02152007_routes_mileposts.mdb\Mileposts,,58,
191, pgdb, _review,\\dfg.alaska.local\gis\Anchorage\GISShare\Infrastructure\ADOT_02152007_routes_mileposts.mdb\RouteFeatures,,60,
192, pgdb, _review,\\dfg.alaska.local\gis\Anchorage\GISShare\infrastructure\ADOT_02152007_routes_mileposts.mdb\Mileposts,,58,
193, pgdb, _review,\\dfg.alaska.local\gis\Anchorage\GISStaff\WC\regbook_MPS\MPS_83.mdb\Regbk_reg,,,
194, pgdb, _review,\\dfg.alaska.local\gis\Anchorage\GISStaff\WC\regbook_MPS\MPS_83.mdb\SDE_subs,,,
195, pgdb, _review,\\dfg.alaska.local\gis\Anchorage\GISStaff\WC\regbook_MPS\RegBook.mdb\dnnet_poly,,,
196, raster, _review,C:\Documents and Settings\rastrauch\Application Data\ESRI\ArcCatalog\sdewild-1  to wcgis-server3.sde\SDE_COMMON.SDEWILD.DRG250ALB,,10,
197, raster, _review,C:\Documents and Settings\rastrauch\Application Data\ESRI\ArcCatalog\sdewild-1  to wcgis-server3.sde\SDE_COMMON.SDEWILD.DRGITMALB,,9,
198, raster, _review,C:\Documents and Settings\rastrauch\Application Data\ESRI\ArcCatalog\sdewild-1  to wcgis-server3.sde\SDE_COMMON.SDEWILD.NED_CLIPPED,,12,
199, raster, _review,C:\Documents and Settings\rastrauch\Application Data\ESRI\ArcCatalog\sdewild-1  to wcgis-server3.sde\SDE_COMMON.SDEWILD.NED_HILLSHADECLIP,,16,
200, raster, _review,C:\Documents and Settings\sktimp.000\Application Data\ESRI\ArcCatalog\Connection to sf-anc-sql1.sde\SDE_COMMON.SDEWILD.AK_SHADE,,8,
201, raster, _review,C:\Documents and Settings\sktimp.000\Application Data\ESRI\ArcCatalog\Connection to sf-anc-sql1.sde\SDE_COMMON.SDEWILD.DRGITMALB,,9,
202, raster, _review,C:\Documents and Settings\sktimp.000\Application Data\ESRI\ArcCatalog\Connection to sf-anc-sql1.sde\SDE_COMMON.SDEWILD.NED_HILLSHADECLIP,,16,
203, raster, _review,C:\Documents and Settings\sktimp\Application Data\ESRI\ArcCatalog\Connection to sf-anc-sql1.sde\SDE_COMMON.SDEWILD.AK_SHADE,,8,
204, raster, _review,C:\Documents and Settings\sktimp\Application Data\ESRI\ArcCatalog\Connection to wcgis-server3 (2).sde\SDE_COMMON.SDEWILD.AK_SHADE,,8,
205, raster, _review,C:\Documents and Settings\sktimp\Application Data\ESRI\ArcCatalog\Connection to wcgis-server3 (2).sde\SDE_COMMON.SDEWILD.NED_HILLSHADECLIP,,16,
206, raster, _review,C:\Documents and Settings\sktimp\Application Data\ESRI\ArcCatalog\Connection to wcgis-server3 (2).sde\sde_common83.SDEWILD.NED_HILLCLIP83,,16,
207, raster, _review,C:\Documents and Settings\sktimp\Application Data\ESRI\ArcCatalog\sdewilduser@sdecommon.sde\SDE_COMMON.SDEWILD.AK_SHADE,,8,
208, raster, _review,C:\Documents and Settings\sktimp\Application Data\ESRI\ArcCatalog\sdewilduser@sdecommon.sde\k00150.tpqr,o,,
209, raster, _review,C:\Documents and Settings\sktimp\Application Data\ESRI\ArcCatalog\sdewilduser@sdecommon.sde\k00150.tpqs,o,,
210, raster, _review,C:\Documents and Settings\sktimp\Application Data\ESRI\ArcCatalog\sdewilduser@sdecommon.sde\k00150.tpqt,o,,
211, raster, _review,C:\Documents and Settings\sktimp\Application Data\ESRI\ArcCatalog\sdewilduser@sdecommon.sde\q00181.tpqr,o,,
212, raster, _review,C:\Documents and Settings\sktimp\Application Data\ESRI\ArcCatalog\sdewilduser@sdecommon.sde\q00181.tpqs,o,,
213, raster, _review,C:\Documents and Settings\sktimp\Application Data\ESRI\ArcCatalog\sdewilduser@sdecommon.sde\q00181.tpqt,o,,
214, raster, _review,C:\Documents and Settings\sktimp\Application Data\ESRI\ArcCatalog\sdewilduser@sdecommon.sde\sde_common83.SDEWILD.NED_HILLCLIP83,,16,
215, raster, _review,C:\Documents and Settings\sktimp\Application Data\ESRI\ArcCatalog\sdewilduser@sdecommon.sde\sde_common83.SDEWILD.NGS_ITM_HILLSHADE_DD83,,19,
216, raster, _review,C:\Documents and Settings\sktimp\Application Data\ESRI\ArcCatalog\sdewilduser@sdecommon.sde\sde_common83.SDEWILD.NGS_ITM_TOPO_DD83,,20,
217, raster, _review,C:\Documents and Settings\sktimp\Application Data\ESRI\ArcCatalog\sdewilduser@sdecommon.sde\sde_common83.SDEWILD.NGS_QM_TOPO_DD83,,45,
218, raster, _review,C:\Users\jdmumm\AppData\Local\ESRI\Local Caches\MapCacheV1\Layers,o,,
219, raster, _review,C:\Users\jdmumm\AppData\Local\Temp\16\arc6107\0aefbb1937f15fb3691b9c7bb2a20b2f.sde\SDE_COMMON.SDEWILD.DRGITMALB,,9,
220, raster, _review,C:\Users\jdmumm\AppData\Local\Temp\16\arc6107\180c610e223eece70ee7fddccec579ee.sde\SDE_COMMON.SDEWILD.AK_SHADE,,8,
221, raster, _review,C:\Users\jdmumm\AppData\Local\Temp\16\arc6107\521d9ebfb29f50c9fd738d1e8aaf8cf9.sde\SDE_COMMON.SDEWILD.AK_SHADE,,8,
222, raster, _review,C:\Users\jdmumm\AppData\Local\Temp\16\arc6107\521d9ebfb29f50c9fd738d1e8aaf8cf9.sde\SDE_COMMON.SDEWILD.DRGITMALB,,9,
223, raster, _review,C:\Users\jdmumm\AppData\Local\Temp\16\arc6107\521d9ebfb29f50c9fd738d1e8aaf8cf9.sde\SDE_COMMON.SDEWILD.NED_HILLSHADECLIP,,16,
224, raster, _review,C:\Users\jdmumm\AppData\Local\Temp\16\arc6107\6849cab633622a2275cc6e38bc3725fc.sde\SDE_COMMON.SDEWILD.AK_SHADE,,8,
225, raster, _review,C:\Users\jdmumm\AppData\Local\Temp\16\arc6107\6849cab633622a2275cc6e38bc3725fc.sde\SDE_COMMON.SDEWILD.DRGITMALB,,9,
226, raster, _review,C:\Users\jdmumm\AppData\Local\Temp\16\arc6107\6849cab633622a2275cc6e38bc3725fc.sde\SDE_COMMON.SDEWILD.NED_HILLSHADECLIP,,16,
227, raster, _review,C:\Users\jdmumm\AppData\Local\Temp\16\arc6107\6b56cf3a515bc572f118feb696e08069.sde\SDE_COMMON.SDEWILD.AK_SHADE,,8,
228, raster, _review,C:\Users\jdmumm\AppData\Local\Temp\16\arc6107\6b56cf3a515bc572f118feb696e08069.sde\SDE_COMMON.SDEWILD.DRGITMALB,,9,
229, raster, _review,C:\Users\jdmumm\AppData\Local\Temp\16\arc6107\6b56cf3a515bc572f118feb696e08069.sde\SDE_COMMON.SDEWILD.NED_HILLSHADECLIP,,16,
230, raster, _review,C:\Users\jdmumm\AppData\Local\Temp\16\arc6107\6dcd12b9a24d7b599b8e2fa5b59cbd18.sde\SDE_COMMON.SDEWILD.DRGITMALB,,9,
231, raster, _review,C:\Users\jdmumm\AppData\Local\Temp\16\arc6107\7f36bf3d3a46c53d5190d53a84134fe3.sde\SDE_COMMON.SDEWILD.AK_SHADE,,8,
232, raster, _review,C:\Users\jdmumm\AppData\Local\Temp\16\arc6107\7f36bf3d3a46c53d5190d53a84134fe3.sde\SDE_COMMON.SDEWILD.DRGITMALB,,9,
233, raster, _review,C:\Users\jdmumm\AppData\Local\Temp\16\arc6107\7f36bf3d3a46c53d5190d53a84134fe3.sde\SDE_COMMON.SDEWILD.NED_HILLSHADECLIP,,16,
234, raster, _review,C:\Users\jdmumm\AppData\Local\Temp\16\arc6107\8ea7325c512ac8fd1e525f4c0d850ee2.sde\SDE_COMMON.SDEWILD.AK_SHADE,,8,
235, raster, _review,C:\Users\jdmumm\AppData\Local\Temp\16\arc6107\8ea7325c512ac8fd1e525f4c0d850ee2.sde\SDE_COMMON.SDEWILD.DRGITMALB,,9,
236, raster, _review,C:\Users\jdmumm\AppData\Local\Temp\16\arc6107\8ea7325c512ac8fd1e525f4c0d850ee2.sde\SDE_COMMON.SDEWILD.NED_HILLSHADECLIP,,16,
237, raster, _review,C:\Users\jdmumm\AppData\Local\Temp\16\arc6107\8fcc71cb9fef03b427b6280fe24696f0.sde\SDE_COMMON.SDEWILD.NED_HILLSHADECLIP,,16,
238, raster, _review,C:\Users\jdmumm\AppData\Local\Temp\16\arc6107\9cf99a46248ab83afb94e228d9e77956.sde\SDE_COMMON.SDEWILD.AK_SHADE,,8,
239, raster, _review,C:\Users\jdmumm\AppData\Local\Temp\16\arc6107\9cf99a46248ab83afb94e228d9e77956.sde\SDE_COMMON.SDEWILD.DRGITMALB,,9,
240, raster, _review,C:\Users\jdmumm\AppData\Local\Temp\16\arc6107\9cf99a46248ab83afb94e228d9e77956.sde\SDE_COMMON.SDEWILD.NED_HILLSHADECLIP,,16,
241, raster, _review,C:\Users\jdmumm\AppData\Local\Temp\16\arc6107\bbec64b6cdfc8b2ced505fe61d00a90e.sde\SDE_COMMON.SDEWILD.AK_SHADE,,8,
242, raster, _review,C:\Users\jdmumm\AppData\Local\Temp\16\arc6107\bbec64b6cdfc8b2ced505fe61d00a90e.sde\SDE_COMMON.SDEWILD.DRGITMALB,,9,
243, raster, _review,C:\Users\jdmumm\AppData\Local\Temp\16\arc6107\bbec64b6cdfc8b2ced505fe61d00a90e.sde\SDE_COMMON.SDEWILD.NED_HILLSHADECLIP,,16,
244, raster, _review,C:\Users\jdmumm\AppData\Local\Temp\16\arc6107\f9c3309ab12cc1cae61df973a9ad238e.sde\SDE_COMMON.SDEWILD.AK_SHADE,,8,
245, raster, _review,C:\Users\jdmumm\AppData\Local\Temp\16\arc6107\f9c3309ab12cc1cae61df973a9ad238e.sde\SDE_COMMON.SDEWILD.NED_HILLSHADECLIP,,16,
246, raster, _review,C:\Users\sktimp.DFG\AppData\Roaming\ESRI\Desktop10.0\ArcCatalog\_prodDC - sdewcuser@common.sde\SDE_COMMON.SDEDFG.AK_SHADE,,8,
247, raster, _review,C:\Users\sktimp.DFG\AppData\Roaming\ESRI\Desktop10.0\ArcCatalog\_prodDC - sdewcuser@common.sde\SDE_COMMON.SDEDFG.NED_HILLCLIP,,12,
248, raster, _review,C:\Users\sktimp.DFG\AppData\Roaming\ESRI\Desktop10.0\ArcCatalog\_prodDC - sdewcuser@common.sde\SDE_COMMON.SDEDFG.NGS_ITM_HILLSHADE_DD,,19,
249, raster, _review,C:\Users\sktimp.DFG\AppData\Roaming\ESRI\Desktop10.0\ArcCatalog\_prodDC - sdewcuser@common.sde\SDE_COMMON.SDEDFG.NGS_ITM_TOPO_DD,,20,
250, raster, _review,C:\Users\sktimp.DFG\AppData\Roaming\ESRI\Desktop10.0\ArcCatalog\_prodDC - sdewcuser@common.sde\SDE_COMMON.SDEDFG.NGS_QM_TOPO_DD,,45,
251, raster, _review,C:\Users\sktimp.DFG\AppData\Roaming\ESRI\Desktop10.1\ArcCatalog\_prodDC - sdewcuser@common.sde\SDE_COMMON.SDEDFG.NED_HILLCLIP,,16,
252, raster, _review,C:\Users\sktimp.DFG\AppData\Roaming\ESRI\Desktop10.2\ArcCatalog\_prodDC - sdewcuser@common.sde\SDE_COMMON.SDEDFG.NED_HILLCLIP,,16,
253, raster, _review,C:\Users\sktimp.DFG\AppData\Roaming\ESRI\Desktop10.2\ArcCatalog\_prodDC - sdewcuser@common.sde\SDE_COMMON.SDEDFG.NGS_ITM_HILLSHADE_DD,,20,
254, raster, _review,C:\Users\sktimp.DFG\AppData\Roaming\ESRI\Desktop10.2\ArcCatalog\_prodDC - sdewcuser@common.sde\SDE_COMMON.SDEDFG.NGS_QM_TOPO_DD,,45,
255, raster, _review,C:\Users\sktimp.DFG\AppData\Roaming\ESRI\Desktop10.3\ArcCatalog\_prodDC - sdewcuser@common.sde\SDE_COMMON.SDEDFG.NED_HILLCLIP,,16,
256, raster, _review,C:\Users\sktimp.DFG\AppData\Roaming\ESRI\Desktop10.3\ArcCatalog\_prodDC - sdewcuser@common.sde\SDE_COMMON.SDEDFG.NGS_ITM_TOPO_DD,,20,
257, raster, _review,\\DFGANCGISPROD1\data\common\Elevation\NED.gdb\NED_HILLCLIP,,16,
258, raster, _review,\\Wcgis-server3\gisshare\_ned\ned\aknedhs,,16,
259, raster, _review,\\dfg.alaska.local\gis\Anchorage\GISShare\_TopoMaps.gdb\NGS_QM_TOPO_DD,,45,
260, raster, _review,\\dfg.alaska.local\gis\Anchorage\GISStaff\___gisStaffConnections\_sde\_prodDC - sdedfg@common.sde\SDE_COMMON.SDEWILD.DRGITMALB,,9,
261, raster, _review,\\dfg.alaska.local\gis\Anchorage\GISStaff\___gisStaffConnections\_sde\_prodDC - sdedfg@common.sde\SDE_COMMON.SDEWILD.NED_HILLSHADECLIP,,16,
262, raster, _review,\\dfg.alaska.local\gis\Anchorage\GISStaff\___gisStaffConnections\_sde\_prodDC - sdedfg@common.sde\sde_common.SDEDFG.AK_SHADE,,8,
263, raster, _review,\\dfgancdwcgis3\gisshare\___BaseMaps\TopoMaps.gdb\NGS_ITM_HILLSHADE,,19,
264, raster, _review,\\wcgis-server3\gisshare\HYDRO\FlowAccDec2008\Layers\ned_flowdir,,15,
265, raster, _review,g:\k00150.tpqr,o,,
266, raster, _review,g:\k00150.tpqs,o,,
267, raster, _review,g:\k00150.tpqt,o,,
268, raster, _review,g:\q00181.tpqr,o,,
269, raster, _review,g:\q00181.tpqs,o,,
270, raster, _review,g:\q00181.tpqt,o,,
271, raster.gif, _review,C:\Users\Logos\ADFG_logo_1.4m.gif,,,
272, raster.tif, _review,C:\GISShare\GRAPHICS\LOGOS\adfgb&w.tif,,,
273, raster.tif, _review,\\Wcgis-server3\gisshare\Graphics\Logos\ADFGB&W.TIF,,,
274, raster.tif, _review,h:\common\frances\bison_ahtna\ADFGLOGO.TIF,,,
275, sde, _review,C:\Documents and Settings\rastrauch\Application Data\ESRI\ArcCatalog\sdewild-1  to wcgis-server3.sde\sde_wildlife.SDEWILD.Hunts\sde_wildlife.SDEWILD.caribou_region_hunts,,6,
276, sde, _review,C:\Documents and Settings\rastrauch\Application Data\ESRI\ArcCatalog\sdewild-1  to wcgis-server3.sde\sde_wildlife.SDEWILD.Hunts\sde_wildlife.SDEWILD.moose_region_hunts,,6,
277, sde, _review,C:\Documents and Settings\rastrauch\Application Data\ESRI\ArcCatalog\sdewild@sde_common83.sde\sde_common83.SDEWILD.Hydrography\sde_common83.SDEWILD.NHDFlowline,,140,
278, sde, _review,C:\Documents and Settings\sktimp.000\Application Data\ESRI\ArcCatalog\Connection to sf-anc-sql1.sde\sde_common83.SDEWILD.Hydrography\sde_common83.SDEWILD.NHDWaterbody,,142,
279, sde, _review,C:\Documents and Settings\sktimp\Application Data\ESRI\ArcCatalog\Connection to sf-anc-sql1.sde\sde_common83.SDEWILD.Hydrography\sde_common83.SDEWILD.NHDFlowline,,140,
280, sde, _review,C:\Documents and Settings\sktimp\Application Data\ESRI\ArcCatalog\Connection to sf-anc-sql1.sde\sde_common83.SDEWILD.Hydrography\sde_common83.SDEWILD.NHDWaterbody,,142,
281, sde, _review,C:\Documents and Settings\sktimp\Application Data\ESRI\ArcCatalog\Connection to wcgis-server3 (2).sde\sde_common.SDEWILD.BASE\sde_common.SDEWILD.Orth_temp,,57,
282, sde, _review,C:\Documents and Settings\sktimp\Application Data\ESRI\ArcCatalog\Connection to wcgis-server3 (2).sde\sde_common83.SDEWILD.Hydrography\sde_common83.SDEWILD.NHDFlowline,,140,
283, sde, _review,C:\Documents and Settings\sktimp\Application Data\ESRI\ArcCatalog\Connection to wcgis-server3 (2).sde\sde_common83.SDEWILD.Hydrography\sde_common83.SDEWILD.NHDWaterbody,,142,
284, sde, _review,C:\Documents and Settings\sktimp\Application Data\ESRI\ArcCatalog\Connection to wcgis-server3.sde\sde_common83.SDEWILD.Hydrography\sde_common83.SDEWILD.NHDFlowline,,140,
285, sde, _review,C:\Documents and Settings\sktimp\Application Data\ESRI\ArcCatalog\sdewilduser@sde_wc.sde\sde_wc.SDEWILD.gmu_062409\sde_wc.SDEWILD.gmus4,,154,
286, sde, _review,C:\Documents and Settings\sktimp\Application Data\ESRI\ArcCatalog\sdewilduser@sde_wc.sde\sde_wc.SDEWILD.gmu_062409\sde_wc.SDEWILD.regions4,,152,
287, sde, _review,C:\Documents and Settings\sktimp\Application Data\ESRI\ArcCatalog\sdewilduser@sde_wc.sde\sde_wc.SDEWILD.gmu_062409\sde_wc.SDEWILD.subs4,,156,
288, sde, _review,C:\Documents and Settings\sktimp\Application Data\ESRI\ArcCatalog\sdewilduser@sde_wcdev.sde\SDE_WCDEV.SDEWILD.NHDFLOWLINE_AK,,140,
289, sde, _review,C:\Documents and Settings\sktimp\Application Data\ESRI\ArcCatalog\sdewilduser@sdecommon.sde\sde_common.SDEWILD.BASE\sde_common.SDEWILD.GNIS_Placenames,,56,
290, sde, _review,C:\Documents and Settings\sktimp\Application Data\ESRI\ArcCatalog\sdewilduser@sdecommon.sde\sde_common.SDEWILD.BASE_OLDNad27\sde_common.SDEWILD.Orth_temp,,57,
291, sde, _review,C:\Documents and Settings\sktimp\Application Data\ESRI\ArcCatalog\sdewilduser@sdecommon.sde\sde_common.SDEWILD.SectionGrid\sde_common.SDEWILD.SectionGrid_polygon,,65,
292, sde, _review,C:\Documents and Settings\sktimp\Application Data\ESRI\ArcCatalog\sdewilduser@sdecommon.sde\sde_common83.SDEWILD.Hydrography\sde_common83.SDEWILD.NHDArea,,138,
293, sde, _review,C:\Documents and Settings\sktimp\Application Data\ESRI\ArcCatalog\sdewilduser@sdecommon.sde\sde_common83.SDEWILD.Hydrography\sde_common83.SDEWILD.NHDFlowline,,140,
294, sde, _review,C:\Documents and Settings\sktimp\Application Data\ESRI\ArcCatalog\sdewilduser@sdecommon.sde\sde_common83.SDEWILD.Hydrography\sde_common83.SDEWILD.NHDWaterbody,,142,
295, sde, _review,C:\Documents and Settings\sktimp\Application Data\ESRI\ArcCatalog\sdewilduser@sdecommon.sde\sde_common83.SDEWILD.nhd2008_Hydrography\sde_common83.SDEWILD.NHDFlowline,,140,
296, sde, _review,C:\Documents and Settings\sktimp\Application Data\ESRI\ArcCatalog\sdewilduser@sdecommon.sde\sde_common83.SDEWILD.nhd2008_Hydrography\sde_common83.SDEWILD.NHDWaterbody,,142,
297, sde, _review,C:\Documents and Settings\sktimp\Application Data\ESRI\ArcCatalog\sdewilduser@sdecommon.sde\sde_common83.SDEWILD.placenames_XYAKGNIS83,,56,
298, sde, _review,C:\Documents and Settings\sktimp\Application Data\ESRI\Desktop10.0\ArcCatalog\sdewilduser@sdecommon.sde\sde_common83.SDEWILD.nhd2008_Hydrography\sde_common83.SDEWILD.NHDWaterbody,,142,
299, sde, _review,C:\Users\jdmumm\AppData\Local\Temp\16\arc6107\08388ba868fa00edd9a2e0330e37366b.sde\sde_wcgis_master.DBO.DWCMasters\sde_wcgis_master.DBO.DWCHunts,,6,
300, sde, _review,C:\Users\jdmumm\AppData\Local\Temp\16\arc6107\0bc73b1e1b3241f73b9725764e12ed37.sde\sde_wcgis_master.DBO.DWCMasters\sde_wcgis_master.DBO.DWCHunts,,6,
301, sde, _review,C:\Users\jdmumm\AppData\Local\Temp\16\arc6107\0c832234abc38fc45d97870b8712f75e.sde\sde_wcgis_master.DBO.DWCMasters\sde_wcgis_master.DBO.DWCHunts,,6,
302, sde, _review,C:\Users\jdmumm\AppData\Local\Temp\16\arc6107\12f9b1690bc790b8dc92041534917dca.sde\sde_wcgis_master.DBO.DWCMasters\sde_wcgis_master.DBO.DWCHunts,,6,
303, sde, _review,C:\Users\jdmumm\AppData\Local\Temp\16\arc6107\1396c2f793eace75d8f0d82651156c55.sde\sde_wc_dev1.SDEWILD.DWCMasters\sde_wc_dev1.SDEWILD.SpecialAreas,,150,
304, sde, _review,C:\Users\jdmumm\AppData\Local\Temp\16\arc6107\1420eab7ce16e3d4bf1f87721807f15e.sde\sde_wcgis_master.DBO.DWCMasters\sde_wcgis_master.DBO.DWCHunts,,6,
305, sde, _review,C:\Users\jdmumm\AppData\Local\Temp\16\arc6107\184bb6ec5f8b0a579ef127018790e4a7.sde\sde_wc_dev1.SDEWILD.DWCMasters\sde_wc_dev1.SDEWILD.DWCHunts,,6,
306, sde, _review,C:\Users\jdmumm\AppData\Local\Temp\16\arc6107\184bb6ec5f8b0a579ef127018790e4a7.sde\sde_wc_dev1.SDEWILD.DWCMasters\sde_wc_dev1.SDEWILD.SpecialAreas,,150,
307, sde, _review,C:\Users\jdmumm\AppData\Local\Temp\16\arc6107\1dc3d2b4d584e9f727015a00ea97ed17.sde\sde_wcgis_master.DBO.DWCMasters\sde_wcgis_master.DBO.DWCHunts,,6,
308, sde, _review,C:\Users\jdmumm\AppData\Local\Temp\16\arc6107\1ed989020a6caca49d6f69be1c93cd27.sde\sde_wcgis_master.DBO.DWCMasters\sde_wcgis_master.DBO.DWCHunts,,6,
309, sde, _review,C:\Users\jdmumm\AppData\Local\Temp\16\arc6107\20659274ff954cf7157f101ee0da1cee.sde\sde_wc_dev1.SDEWILD.DWCMasters\sde_wc_dev1.SDEWILD.DWCHunts,,6,
310, sde, _review,C:\Users\jdmumm\AppData\Local\Temp\16\arc6107\20659274ff954cf7157f101ee0da1cee.sde\sde_wc_dev1.SDEWILD.DWCMasters\sde_wc_dev1.SDEWILD.SpecialAreas,,150,
311, sde, _review,C:\Users\jdmumm\AppData\Local\Temp\16\arc6107\21e4eaafbb4198bd208252090bf0bdb8.sde\sde_wc_dev1.SDEWILD.DWCMasters\sde_wc_dev1.SDEWILD.DWCHunts,,6,
312, sde, _review,C:\Users\jdmumm\AppData\Local\Temp\16\arc6107\21e4eaafbb4198bd208252090bf0bdb8.sde\sde_wc_dev1.SDEWILD.DWCMasters\sde_wc_dev1.SDEWILD.SpecialAreas,,150,
313, sde, _review,C:\Users\jdmumm\AppData\Local\Temp\16\arc6107\2279b1f55a49e72cc9277149ff70b200.sde\sde_wcgis_master.DBO.DWCMasters\sde_wcgis_master.DBO.DWCHunts,,6,
314, sde, _review,C:\Users\jdmumm\AppData\Local\Temp\16\arc6107\27242c4fba49eaac5554a0baa19fb853.sde\sde_wc_dev1.SDEWILD.DWCMasters\sde_wc_dev1.SDEWILD.DWCHunts,,6,
315, sde, _review,C:\Users\jdmumm\AppData\Local\Temp\16\arc6107\27242c4fba49eaac5554a0baa19fb853.sde\sde_wc_dev1.SDEWILD.DWCMasters\sde_wc_dev1.SDEWILD.SpecialAreas,,150,
316, sde, _review,C:\Users\jdmumm\AppData\Local\Temp\16\arc6107\28842ee985b928639c1f0c1aefc4126a.sde\sde_wcgis_master.DBO.DWCMasters\sde_wcgis_master.DBO.DWCHunts,,6,
317, sde, _review,C:\Users\jdmumm\AppData\Local\Temp\16\arc6107\28842ee985b928639c1f0c1aefc4126a.sde\sde_wcgis_master.DBO.DWCMasters\sde_wcgis_master.DBO.SpecialAreas,,150,
318, sde, _review,C:\Users\jdmumm\AppData\Local\Temp\16\arc6107\290cd136142d9b10f6c3f28b0349b845.sde\sde_wc_dev1.SDEWILD.DWCMasters\sde_wc_dev1.SDEWILD.DWCHunts,,6,
319, sde, _review,C:\Users\jdmumm\AppData\Local\Temp\16\arc6107\290cd136142d9b10f6c3f28b0349b845.sde\sde_wc_dev1.SDEWILD.DWCMasters\sde_wc_dev1.SDEWILD.SpecialAreas,,150,
320, sde, _review,C:\Users\jdmumm\AppData\Local\Temp\16\arc6107\2d925332b1bea18bc55b729dcf4fcf70.sde\sde_wcgis_master.DBO.DWCMasters\sde_wcgis_master.DBO.DWCHunts,,6,
321, sde, _review,C:\Users\jdmumm\AppData\Local\Temp\16\arc6107\2f75f1846d15961b9f87c4f534d6acff.sde\sde_wcgis_master.DBO.DWCMasters\sde_wcgis_master.DBO.DWCHunts,,6,
322, sde, _review,C:\Users\jdmumm\AppData\Local\Temp\16\arc6107\30c5c04cf15fcc3ee856a0ab5224bc66.sde\sde_wcgis_master.DBO.DWCMasters\sde_wcgis_master.DBO.DWCHunts,,6,
323, sde, _review,C:\Users\jdmumm\AppData\Local\Temp\16\arc6107\317a6ad7f03912f4ab9a755241646a4e.sde\sde_wcgis_master.DBO.DWCMasters\sde_wcgis_master.DBO.DWCHunts,,6,
324, sde, _review,C:\Users\jdmumm\AppData\Local\Temp\16\arc6107\31e083e227c15037842d067f6098c9d5.sde\sde_wcgis_master.DBO.DWCMasters\sde_wcgis_master.DBO.DWCHunts,,6,
325, sde, _review,C:\Users\jdmumm\AppData\Local\Temp\16\arc6107\32d72b6744cb8f18ad42958058539aed.sde\sde_wcgis_master.DBO.DWCMasters\sde_wcgis_master.DBO.DWCHunts,,6,
326, sde, _review,C:\Users\jdmumm\AppData\Local\Temp\16\arc6107\32d72b6744cb8f18ad42958058539aed.sde\sde_wcgis_master.DBO.DWCMasters\sde_wcgis_master.DBO.SpecialAreas,,5,
327, sde, _review,C:\Users\jdmumm\AppData\Local\Temp\16\arc6107\37c48ae3069cbcec178d52b4850026d9.sde\sde_wc_dev1.SDEWILD.DWCMasters\sde_wc_dev1.SDEWILD.DWCHunts,,6,
328, sde, _review,C:\Users\jdmumm\AppData\Local\Temp\16\arc6107\390c7b6c2bf7c1581c06cacc27b0ef60.sde\sde_wcgis_master.DBO.DWCMasters\sde_wcgis_master.DBO.DWCHunts,,6,
329, sde, _review,C:\Users\jdmumm\AppData\Local\Temp\16\arc6107\3dda8e8ad587585c36c934b69992b7c4.sde\sde_wcgis_master.DBO.DWCMasters\sde_wcgis_master.DBO.DWCHunts,,6,
330, sde, _review,C:\Users\jdmumm\AppData\Local\Temp\16\arc6107\3dda8e8ad587585c36c934b69992b7c4.sde\sde_wcgis_master.DBO.DWCMasters\sde_wcgis_master.DBO.SpecialAreas,,5,
331, sde, _review,C:\Users\jdmumm\AppData\Local\Temp\16\arc6107\3e06181b0ca51eddfec6363f9b09ece8.sde\sde_wcgis_master.DBO.DWCMasters\sde_wcgis_master.DBO.DWCHunts,,6,
332, sde, _review,C:\Users\jdmumm\AppData\Local\Temp\16\arc6107\4182b47c38ef1188d768be2b0b40d544.sde\sde_wcgis_master.DBO.DWCMasters\sde_wcgis_master.DBO.DWCHunts,,6,
333, sde, _review,C:\Users\jdmumm\AppData\Local\Temp\16\arc6107\41c324bd258d84a28bb7fcb8a1f6cb57.sde\sde_wc_dev1.SDEWILD.DWCMasters\sde_wc_dev1.SDEWILD.DWCHunts,,6,
334, sde, _review,C:\Users\jdmumm\AppData\Local\Temp\16\arc6107\42e672013d0da684920753d1c4e8875c.sde\sde_wcgis_master.DBO.DWCMasters\sde_wcgis_master.DBO.DWCHunts,,6,
335, sde, _review,C:\Users\jdmumm\AppData\Local\Temp\16\arc6107\42e672013d0da684920753d1c4e8875c.sde\sde_wcgis_master.DBO.DWCMasters\sde_wcgis_master.DBO.SpecialAreas,,5,
336, sde, _review,C:\Users\jdmumm\AppData\Local\Temp\16\arc6107\4358f6913387ab24dbc80e31d32ae1af.sde\sde_wc_dev1.SDEWILD.DWCMasters\sde_wc_dev1.SDEWILD.DWCHunts,,6,
337, sde, _review,C:\Users\jdmumm\AppData\Local\Temp\16\arc6107\4406ce3fee131f10cd6d5dcc0cad89a4.sde\sde_wcgis_master.DBO.DWCMasters\sde_wcgis_master.DBO.DWCHunts,,6,
338, sde, _review,C:\Users\jdmumm\AppData\Local\Temp\16\arc6107\44a75241103b951b5330456ebd47cd9a.sde\sde_wcgis_master.DBO.DWCMasters\sde_wcgis_master.DBO.DWCHunts,,6,
339, sde, _review,C:\Users\jdmumm\AppData\Local\Temp\16\arc6107\499f224af1d3d1b7abe0238d2512702e.sde\sde_wc_dev1.SDEWILD.DWCMasters\sde_wc_dev1.SDEWILD.DWCHunts,,6,
340, sde, _review,C:\Users\jdmumm\AppData\Local\Temp\16\arc6107\499f224af1d3d1b7abe0238d2512702e.sde\sde_wc_dev1.SDEWILD.DWCMasters\sde_wc_dev1.SDEWILD.UCU_poly,,4,
341, sde, _review,C:\Users\jdmumm\AppData\Local\Temp\16\arc6107\49e07bc0897768389222ab425cff13ff.sde\sde_wcgis_master.DBO.DWCMasters\sde_wcgis_master.DBO.DWCHunts,,6,
342, sde, _review,C:\Users\jdmumm\AppData\Local\Temp\16\arc6107\49e07bc0897768389222ab425cff13ff.sde\sde_wcgis_master.DBO.DWCMasters\sde_wcgis_master.DBO.SpecialAreas,,5,
343, sde, _review,C:\Users\jdmumm\AppData\Local\Temp\16\arc6107\4d3830a92aa156060214c58076cef526.sde\sde_wcgis_master.DBO.DWCMasters\sde_wcgis_master.DBO.DWCHunts,,6,
344, sde, _review,C:\Users\jdmumm\AppData\Local\Temp\16\arc6107\4e3caacc3beff9e856f043cbb5f834e8.sde\sde_wc_dev1.SDEWILD.DWCMasters\sde_wc_dev1.SDEWILD.DWCHunts,,6,
345, sde, _review,C:\Users\jdmumm\AppData\Local\Temp\16\arc6107\4e3caacc3beff9e856f043cbb5f834e8.sde\sde_wc_dev1.SDEWILD.DWCMasters\sde_wc_dev1.SDEWILD.SpecialAreas,,5,
346, sde, _review,C:\Users\jdmumm\AppData\Local\Temp\16\arc6107\4f81916a6c163f596d982f8c9b0ecc40.sde\sde_wcgis_master.DBO.DWCMasters\sde_wcgis_master.DBO.DWCHunts,,6,
347, sde, _review,C:\Users\jdmumm\AppData\Local\Temp\16\arc6107\55e7abcdfde094483d57cd07e8f50061.sde\sde_wc_dev1.SDEWILD.DWCMasters\sde_wc_dev1.SDEWILD.DWCHunts,,6,
348, sde, _review,C:\Users\jdmumm\AppData\Local\Temp\16\arc6107\55e7abcdfde094483d57cd07e8f50061.sde\sde_wc_dev1.SDEWILD.DWCMasters\sde_wc_dev1.SDEWILD.SpecialAreas,,5,
349, sde, _review,C:\Users\jdmumm\AppData\Local\Temp\16\arc6107\564ef36b26215a3e83833b06ce1efbd0.sde\sde_wc_dev1.SDEWILD.DWCMasters\sde_wc_dev1.SDEWILD.DWCHunts,,6,
350, sde, _review,C:\Users\jdmumm\AppData\Local\Temp\16\arc6107\564ef36b26215a3e83833b06ce1efbd0.sde\sde_wc_dev1.SDEWILD.DWCMasters\sde_wc_dev1.SDEWILD.SpecialAreas,,5,
351, sde, _review,C:\Users\jdmumm\AppData\Local\Temp\16\arc6107\5ab9a8e53537b769b3c612eeb9b19154.sde\sde_wc_dev1.SDEWILD.DWCMasters\sde_wc_dev1.SDEWILD.DWCHunts,,6,
352, sde, _review,C:\Users\jdmumm\AppData\Local\Temp\16\arc6107\5ab9a8e53537b769b3c612eeb9b19154.sde\sde_wc_dev1.SDEWILD.DWCMasters\sde_wc_dev1.SDEWILD.SpecialAreas,,5,
353, sde, _review,C:\Users\jdmumm\AppData\Local\Temp\16\arc6107\5ae7cbcc6e78b0e2518f5782d9eba59e.sde\sde_wc_dev1.SDEWILD.DWCMasters\sde_wc_dev1.SDEWILD.DWCHunts,,6,
354, sde, _review,C:\Users\jdmumm\AppData\Local\Temp\16\arc6107\5ae7cbcc6e78b0e2518f5782d9eba59e.sde\sde_wc_dev1.SDEWILD.DWCMasters\sde_wc_dev1.SDEWILD.SpecialAreas,,5,
355, sde, _review,C:\Users\jdmumm\AppData\Local\Temp\16\arc6107\5dddebd3841c350e1a3b4019bb74dae2.sde\sde_wc_dev1.SDEWILD.DWCMasters\sde_wc_dev1.SDEWILD.DWCHunts,,6,
356, sde, _review,C:\Users\jdmumm\AppData\Local\Temp\16\arc6107\5dddebd3841c350e1a3b4019bb74dae2.sde\sde_wc_dev1.SDEWILD.DWCMasters\sde_wc_dev1.SDEWILD.SpecialAreas,,5,
357, sde, _review,C:\Users\jdmumm\AppData\Local\Temp\16\arc6107\5f71ab73704b0aba137ac54e106a8264.sde\sde_wcgis_master.DBO.DWCMasters\sde_wcgis_master.DBO.DWCHunts,,6,
358, sde, _review,C:\Users\jdmumm\AppData\Local\Temp\16\arc6107\5f71ab73704b0aba137ac54e106a8264.sde\sde_wcgis_master.DBO.DWCMasters\sde_wcgis_master.DBO.SpecialAreas,,5,
359, sde, _review,C:\Users\jdmumm\AppData\Local\Temp\16\arc6107\602781aa4b7863ccf8fcf4a78b056843.sde\sde_wcgis_master.DBO.DWCMasters\sde_wcgis_master.DBO.DWCHunts,,6,
360, sde, _review,C:\Users\jdmumm\AppData\Local\Temp\16\arc6107\6140cdf82841072e07c1ea9556c190fb.sde\sde_wc_dev1.SDEWILD.DWCMasters\sde_wc_dev1.SDEWILD.DWCHunts,,6,
361, sde, _review,C:\Users\jdmumm\AppData\Local\Temp\16\arc6107\6140cdf82841072e07c1ea9556c190fb.sde\sde_wc_dev1.SDEWILD.DWCMasters\sde_wc_dev1.SDEWILD.SpecialAreas,,5,
362, sde, _review,C:\Users\jdmumm\AppData\Local\Temp\16\arc6107\65269a4cab0f844bda170ae2f797273f.sde\sde_wcgis_master.DBO.DWCMasters\sde_wcgis_master.DBO.DWCHunts,,6,
363, sde, _review,C:\Users\jdmumm\AppData\Local\Temp\16\arc6107\659a93c5c793adfb29b14ffa6bb97b66.sde\sde_wcgis_master.DBO.DWCMasters\sde_wcgis_master.DBO.DWCHunts,,6,
364, sde, _review,C:\Users\jdmumm\AppData\Local\Temp\16\arc6107\67d44999fd2dd4b9dcea60da488c9f4b.sde\sde_wcgis_master.DBO.DWCMasters\sde_wcgis_master.DBO.DWCHunts,,6,
365, sde, _review,C:\Users\jdmumm\AppData\Local\Temp\16\arc6107\707137653af58eee073087b5df85f204.sde\sde_wc_dev1.SDEWILD.DWCMasters\sde_wc_dev1.SDEWILD.DWCHunts,,6,
366, sde, _review,C:\Users\jdmumm\AppData\Local\Temp\16\arc6107\71b21f3bab04651a176ce1438b962fcf.sde\sde_wcgis_master.DBO.DWCMasters\sde_wcgis_master.DBO.DWCHunts,,6,
367, sde, _review,C:\Users\jdmumm\AppData\Local\Temp\16\arc6107\71b21f3bab04651a176ce1438b962fcf.sde\sde_wcgis_master.DBO.DWCMasters\sde_wcgis_master.DBO.SpecialAreas,,5,
368, sde, _review,C:\Users\jdmumm\AppData\Local\Temp\16\arc6107\76c3f270a64a042efe98c2a43a8af2ba.sde\sde_wc_dev1.SDEWILD.DWCMasters\sde_wc_dev1.SDEWILD.DWCHunts,,6,
369, sde, _review,C:\Users\jdmumm\AppData\Local\Temp\16\arc6107\794d7cb0d267a1cf13fb2a5e7151841c.sde\sde_wcgis_master.DBO.DWCMasters\sde_wcgis_master.DBO.DWCHunts,,6,
370, sde, _review,C:\Users\jdmumm\AppData\Local\Temp\16\arc6107\794d7cb0d267a1cf13fb2a5e7151841c.sde\sde_wcgis_master.DBO.DWCMasters\sde_wcgis_master.DBO.SpecialAreas,,5,
371, sde, _review,C:\Users\jdmumm\AppData\Local\Temp\16\arc6107\7a3081337b5ee7a0591d524c7933eabe.sde\sde_wc_dev1.SDEWILD.DWCMasters\sde_wc_dev1.SDEWILD.DWCHunts,,6,
372, sde, _review,C:\Users\jdmumm\AppData\Local\Temp\16\arc6107\7a3081337b5ee7a0591d524c7933eabe.sde\sde_wc_dev1.SDEWILD.DWCMasters\sde_wc_dev1.SDEWILD.SpecialAreas,,5,
373, sde, _review,C:\Users\jdmumm\AppData\Local\Temp\16\arc6107\7aaf9b55933af3e9e305256f85054945.sde\sde_wcgis_master.DBO.DWCMasters\sde_wcgis_master.DBO.DWCHunts,,6,
374, sde, _review,C:\Users\jdmumm\AppData\Local\Temp\16\arc6107\7aaf9b55933af3e9e305256f85054945.sde\sde_wcgis_master.DBO.DWCMasters\sde_wcgis_master.DBO.SpecialAreas,,5,
375, sde, _review,C:\Users\jdmumm\AppData\Local\Temp\16\arc6107\7b577c9654bac60ff59035a007c57050.sde\sde_wc_dev1.SDEWILD.DWCMasters\sde_wc_dev1.SDEWILD.DWCHunts,,6,
376, sde, _review,C:\Users\jdmumm\AppData\Local\Temp\16\arc6107\7b577c9654bac60ff59035a007c57050.sde\sde_wc_dev1.SDEWILD.DWCMasters\sde_wc_dev1.SDEWILD.SpecialAreas,,5,
377, sde, _review,C:\Users\jdmumm\AppData\Local\Temp\16\arc6107\7faafbf48408388f44889e65b14c2ed9.sde\sde_wcgis_master.DBO.DWCMasters\sde_wcgis_master.DBO.DWCHunts,,6,
378, sde, _review,C:\Users\jdmumm\AppData\Local\Temp\16\arc6107\80fb70c662950da0235961a304534afd.sde\sde_wcgis_master.DBO.DWCMasters\sde_wcgis_master.DBO.DWCHunts,,6,
379, sde, _review,C:\Users\jdmumm\AppData\Local\Temp\16\arc6107\8197d2173d5020e0a00064d28439b8ff.sde\sde_wc_dev1.SDEWILD.DWCMasters\sde_wc_dev1.SDEWILD.DWCHunts,,6,
380, sde, _review,C:\Users\jdmumm\AppData\Local\Temp\16\arc6107\8197d2173d5020e0a00064d28439b8ff.sde\sde_wc_dev1.SDEWILD.DWCMasters\sde_wc_dev1.SDEWILD.SpecialAreas,,5,
381, sde, _review,C:\Users\jdmumm\AppData\Local\Temp\16\arc6107\825c0ef602a2fc8177fc9c851a98c869.sde\sde_wcgis_master.DBO.DWCMasters\sde_wcgis_master.DBO.DWCHunts,,6,
382, sde, _review,C:\Users\jdmumm\AppData\Local\Temp\16\arc6107\898d40f83686b70393368a794452f345.sde\sde_wcgis_master.DBO.DWCMasters\sde_wcgis_master.DBO.DWCHunts,,6,
383, sde, _review,C:\Users\jdmumm\AppData\Local\Temp\16\arc6107\898d40f83686b70393368a794452f345.sde\sde_wcgis_master.DBO.DWCMasters\sde_wcgis_master.DBO.SpecialAreas,,5,
384, sde, _review,C:\Users\jdmumm\AppData\Local\Temp\16\arc6107\8ad84461d68f8c003119267a9ac53b21.sde\sde_wcgis_master.DBO.DWCMasters\sde_wcgis_master.DBO.DWCHunts,,6,
385, sde, _review,C:\Users\jdmumm\AppData\Local\Temp\16\arc6107\8ae837357caa73c339517889ba02563a.sde\sde_wcgis_master.DBO.DWCMasters\sde_wcgis_master.DBO.DWCHunts,,6,
386, sde, _review,C:\Users\jdmumm\AppData\Local\Temp\16\arc6107\8c721bd36dfacb947b4f36e1669cd02c.sde\sde_wcgis_master.DBO.DWCMasters\sde_wcgis_master.DBO.DWCHunts,,6,
387, sde, _review,C:\Users\jdmumm\AppData\Local\Temp\16\arc6107\8ee6a573bec3ecc4f3a6116a3ef66e8b.sde\sde_wcgis_master.DBO.DWCMasters\sde_wcgis_master.DBO.DWCHunts,,6,
388, sde, _review,C:\Users\jdmumm\AppData\Local\Temp\16\arc6107\92270ab1f03ee4860d00aecbe7e329ed.sde\sde_wcgis_master.DBO.DWCMasters\sde_wcgis_master.DBO.DWCHunts,,6,
389, sde, _review,C:\Users\jdmumm\AppData\Local\Temp\16\arc6107\93c62a6517d709e937863e8e336f4e66.sde\sde_wcgis_master.DBO.DWCMasters\sde_wcgis_master.DBO.DWCHunts,,6,
390, sde, _review,C:\Users\jdmumm\AppData\Local\Temp\16\arc6107\93c62a6517d709e937863e8e336f4e66.sde\sde_wcgis_master.DBO.DWCMasters\sde_wcgis_master.DBO.SpecialAreas,,5,
391, sde, _review,C:\Users\jdmumm\AppData\Local\Temp\16\arc6107\96ceb6192fb8afc04fe6cb3e9fc018ee.sde\sde_wcgis_master.DBO.DWCMasters\sde_wcgis_master.DBO.DWCHunts,,6,
392, sde, _review,C:\Users\jdmumm\AppData\Local\Temp\16\arc6107\96ceb6192fb8afc04fe6cb3e9fc018ee.sde\sde_wcgis_master.DBO.DWCMasters\sde_wcgis_master.DBO.SpecialAreas,,5,
393, sde, _review,C:\Users\jdmumm\AppData\Local\Temp\16\arc6107\978622564a50c8ac109e3d15931af0fc.sde\sde_wcgis_master.DBO.DWCMasters\sde_wcgis_master.DBO.DWCHunts,,6,
394, sde, _review,C:\Users\jdmumm\AppData\Local\Temp\16\arc6107\978622564a50c8ac109e3d15931af0fc.sde\sde_wcgis_master.DBO.DWCMasters\sde_wcgis_master.DBO.SpecialAreas,,5,
395, sde, _review,C:\Users\jdmumm\AppData\Local\Temp\16\arc6107\9b78a76568510370fe811802051b4c86.sde\sde_wcgis_master.DBO.DWCMasters\sde_wcgis_master.DBO.DWCHunts,,6,
396, sde, _review,C:\Users\jdmumm\AppData\Local\Temp\16\arc6107\9bcc123c3251000fe1fc13eece1c1549.sde\sde_wc_dev1.SDEWILD.DWCMasters\sde_wc_dev1.SDEWILD.DWCHunts,,6,
397, sde, _review,C:\Users\jdmumm\AppData\Local\Temp\16\arc6107\9c115c433d81422c866a8ac2686c7500.sde\sde_wc_dev1.SDEWILD.DWCMasters\sde_wc_dev1.SDEWILD.DWCHunts,,6,
398, sde, _review,C:\Users\jdmumm\AppData\Local\Temp\16\arc6107\9c115c433d81422c866a8ac2686c7500.sde\sde_wc_dev1.SDEWILD.DWCMasters\sde_wc_dev1.SDEWILD.SpecialAreas,,5,
399, sde, _review,C:\Users\jdmumm\AppData\Local\Temp\16\arc6107\9f532be626dc91967bd7010c454a6c63.sde\sde_wcgis_master.DBO.DWCMasters\sde_wcgis_master.DBO.DWCHunts,,6,
400, sde, _review,C:\Users\jdmumm\AppData\Local\Temp\16\arc6107\a32a20222b1e80041f4e41eea1e95c3f.sde\sde_wcgis_master.DBO.DWCMasters\sde_wcgis_master.DBO.DWCHunts,,6,
401, sde, _review,C:\Users\jdmumm\AppData\Local\Temp\16\arc6107\a3e0060474a6fff62ac01f3f7aaf18b6.sde\sde_wcgis_master.DBO.DWCMasters\sde_wcgis_master.DBO.DWCHunts,,6,
402, sde, _review,C:\Users\jdmumm\AppData\Local\Temp\16\arc6107\a62dbd66b6bd4fd26d2f6c9c47b1cc83.sde\sde_wcgis_master.DBO.DWCMasters\sde_wcgis_master.DBO.DWCHunts,,6,
403, sde, _review,C:\Users\jdmumm\AppData\Local\Temp\16\arc6107\a62dbd66b6bd4fd26d2f6c9c47b1cc83.sde\sde_wcgis_master.DBO.DWCMasters\sde_wcgis_master.DBO.SpecialAreas,,5,
404, sde, _review,C:\Users\jdmumm\AppData\Local\Temp\16\arc6107\a6f2ef98d13a8cf0093dd102ca57145d.sde\sde_wcgis_master.DBO.DWCMasters\sde_wcgis_master.DBO.DWCHunts,,6,
405, sde, _review,C:\Users\jdmumm\AppData\Local\Temp\16\arc6107\a6f2ef98d13a8cf0093dd102ca57145d.sde\sde_wcgis_master.DBO.DWCMasters\sde_wcgis_master.DBO.SpecialAreas,,5,
406, sde, _review,C:\Users\jdmumm\AppData\Local\Temp\16\arc6107\ac0fa3605eaf21c39b1a7802dcb466b5.sde\sde_wcgis_master.DBO.DWCMasters\sde_wcgis_master.DBO.DWCHunts,,6,
407, sde, _review,C:\Users\jdmumm\AppData\Local\Temp\16\arc6107\ac0fa3605eaf21c39b1a7802dcb466b5.sde\sde_wcgis_master.DBO.DWCMasters\sde_wcgis_master.DBO.SpecialAreas,,5,
408, sde, _review,C:\Users\jdmumm\AppData\Local\Temp\16\arc6107\ac5538edbd18b5ca674d0c40b36e2c32.sde\sde_wcgis_master.DBO.DWCMasters\sde_wcgis_master.DBO.DWCHunts,,6,
409, sde, _review,C:\Users\jdmumm\AppData\Local\Temp\16\arc6107\ac67f77c9055897dd6587d3020723bdf.sde\sde_wcgis_master.DBO.DWCMasters\sde_wcgis_master.DBO.DWCHunts,,6,
410, sde, _review,C:\Users\jdmumm\AppData\Local\Temp\16\arc6107\adcb6c442a9a575e0c47154958689f94.sde\sde_wcgis_master.DBO.DWCMasters\sde_wcgis_master.DBO.DWCHunts,,6,
411, sde, _review,C:\Users\jdmumm\AppData\Local\Temp\16\arc6107\adcb6c442a9a575e0c47154958689f94.sde\sde_wcgis_master.DBO.DWCMasters\sde_wcgis_master.DBO.SpecialAreas,,5,
412, sde, _review,C:\Users\jdmumm\AppData\Local\Temp\16\arc6107\afc9c420743edd8e2ce2f9e4621d4ea4.sde\sde_wcgis_master.DBO.DWCMasters\sde_wcgis_master.DBO.DWCHunts,,6,
413, sde, _review,C:\Users\jdmumm\AppData\Local\Temp\16\arc6107\afc9c420743edd8e2ce2f9e4621d4ea4.sde\sde_wcgis_master.DBO.DWCMasters\sde_wcgis_master.DBO.SpecialAreas,,5,
414, sde, _review,C:\Users\jdmumm\AppData\Local\Temp\16\arc6107\b20df8570055c539b0daaf22571b602f.sde\sde_wc_dev1.SDEWILD.DWCMasters\sde_wc_dev1.SDEWILD.DWCHunts,,6,
415, sde, _review,C:\Users\jdmumm\AppData\Local\Temp\16\arc6107\b2a4ce3acb146cbafde346145f115023.sde\sde_wcgis_master.DBO.DWCMasters\sde_wcgis_master.DBO.DWCHunts,,6,
416, sde, _review,C:\Users\jdmumm\AppData\Local\Temp\16\arc6107\b81d5140f12e1d05119907f84e56fffe.sde\sde_wc_dev1.SDEWILD.DWCMasters\sde_wc_dev1.SDEWILD.DWCHunts,,6,
417, sde, _review,C:\Users\jdmumm\AppData\Local\Temp\16\arc6107\b92a0352654645809a55646330077b63.sde\sde_wcgis_master.DBO.DWCMasters\sde_wcgis_master.DBO.DWCHunts,,6,
418, sde, _review,C:\Users\jdmumm\AppData\Local\Temp\16\arc6107\b92a0352654645809a55646330077b63.sde\sde_wcgis_master.DBO.DWCMasters\sde_wcgis_master.DBO.SpecialAreas,,5,
419, sde, _review,C:\Users\jdmumm\AppData\Local\Temp\16\arc6107\bc4f6a7b6087a8869169777e8538b07e.sde\sde_wcgis_master.DBO.DWCMasters\sde_wcgis_master.DBO.DWCHunts,,6,
420, sde, _review,C:\Users\jdmumm\AppData\Local\Temp\16\arc6107\bffe9f53af6924754ce7828711878510.sde\sde_wc_dev1.SDEWILD.DWCMasters\sde_wc_dev1.SDEWILD.DWCHunts,,6,
421, sde, _review,C:\Users\jdmumm\AppData\Local\Temp\16\arc6107\c66f8f327a552f4f6bb55c15e3103e19.sde\sde_wcgis_master.DBO.DWCMasters\sde_wcgis_master.DBO.DWCHunts,,6,
422, sde, _review,C:\Users\jdmumm\AppData\Local\Temp\16\arc6107\c66f8f327a552f4f6bb55c15e3103e19.sde\sde_wcgis_master.DBO.DWCMasters\sde_wcgis_master.DBO.SpecialAreas,,5,
423, sde, _review,C:\Users\jdmumm\AppData\Local\Temp\16\arc6107\ca1a55ab8dea74ea20ea0d2182a8feec.sde\sde_wcgis_master.DBO.DWCMasters\sde_wcgis_master.DBO.DWCHunts,,6,
424, sde, _review,C:\Users\jdmumm\AppData\Local\Temp\16\arc6107\ccb53d19060b5ff56be1b8a1c207ba8f.sde\sde_wcgis_master.DBO.DWCMasters\sde_wcgis_master.DBO.DWCHunts,,6,
425, sde, _review,C:\Users\jdmumm\AppData\Local\Temp\16\arc6107\ccb53d19060b5ff56be1b8a1c207ba8f.sde\sde_wcgis_master.DBO.DWCMasters\sde_wcgis_master.DBO.SpecialAreas,,5,
426, sde, _review,C:\Users\jdmumm\AppData\Local\Temp\16\arc6107\cea1463f8db352fceb6e04becc37e9df.sde\sde_wcgis_master.DBO.DWCMasters\sde_wcgis_master.DBO.DWCHunts,,6,
427, sde, _review,C:\Users\jdmumm\AppData\Local\Temp\16\arc6107\cea1463f8db352fceb6e04becc37e9df.sde\sde_wcgis_master.DBO.DWCMasters\sde_wcgis_master.DBO.SpecialAreas,,5,
428, sde, _review,C:\Users\jdmumm\AppData\Local\Temp\16\arc6107\d1614c3fe08d85a624745432f5d48af7.sde\sde_wcgis_master.DBO.DWCMasters\sde_wcgis_master.DBO.DWCHunts,,6,
429, sde, _review,C:\Users\jdmumm\AppData\Local\Temp\16\arc6107\d1614c3fe08d85a624745432f5d48af7.sde\sde_wcgis_master.DBO.DWCMasters\sde_wcgis_master.DBO.SpecialAreas,,5,
430, sde, _review,C:\Users\jdmumm\AppData\Local\Temp\16\arc6107\d1614c3fe08d85a624745432f5d48af7.sde\sde_wcgis_master.DBO.DWCMasters\sde_wcgis_master.DBO.UCU_poly,,4,
431, sde, _review,C:\Users\jdmumm\AppData\Local\Temp\16\arc6107\d1c93aaa81a79e643ac942ebd571e941.sde\sde_wcgis_master.DBO.DWCMasters\sde_wcgis_master.DBO.DWCHunts,,6,
432, sde, _review,C:\Users\jdmumm\AppData\Local\Temp\16\arc6107\d2af3716a6ad4a11578bf2c0a8c1ce96.sde\sde_wc_dev1.SDEWILD.DWCMasters\sde_wc_dev1.SDEWILD.DWCHunts,,6,
433, sde, _review,C:\Users\jdmumm\AppData\Local\Temp\16\arc6107\d2af3716a6ad4a11578bf2c0a8c1ce96.sde\sde_wc_dev1.SDEWILD.DWCMasters\sde_wc_dev1.SDEWILD.SpecialAreas,,5,
434, sde, _review,C:\Users\jdmumm\AppData\Local\Temp\16\arc6107\d32c45e62d0cf02edc55ba957aab12d2.sde\sde_wc_dev1.SDEWILD.DWCMasters\sde_wc_dev1.SDEWILD.DWCHunts,,6,
435, sde, _review,C:\Users\jdmumm\AppData\Local\Temp\16\arc6107\d435faf9cd24d8aba8786297fa751ee6.sde\sde_wcgis_master.DBO.DWCMasters\sde_wcgis_master.DBO.DWCHunts,,6,
436, sde, _review,C:\Users\jdmumm\AppData\Local\Temp\16\arc6107\d43f6165274df140cba21d13a9afa7cc.sde\sde_wcgis_master.DBO.DWCMasters\sde_wcgis_master.DBO.DWCHunts,,6,
437, sde, _review,C:\Users\jdmumm\AppData\Local\Temp\16\arc6107\d43f6165274df140cba21d13a9afa7cc.sde\sde_wcgis_master.DBO.DWCMasters\sde_wcgis_master.DBO.SpecialAreas,,5,
438, sde, _review,C:\Users\jdmumm\AppData\Local\Temp\16\arc6107\d48caa1b7736c7c22e46388c5692d9fe.sde\sde_wc_dev1.SDEWILD.DWCMasters\sde_wc_dev1.SDEWILD.UCU_poly,,4,
439, sde, _review,C:\Users\jdmumm\AppData\Local\Temp\16\arc6107\d5bd08a35ea1c6044131847874abb8c2.sde\sde_wcgis_master.DBO.DWCMasters\sde_wcgis_master.DBO.DWCHunts,,6,
440, sde, _review,C:\Users\jdmumm\AppData\Local\Temp\16\arc6107\d6d42701ae57ca87760822c22c13914e.sde\sde_wcgis_master.DBO.DWCMasters\sde_wcgis_master.DBO.DWCHunts,,6,
441, sde, _review,C:\Users\jdmumm\AppData\Local\Temp\16\arc6107\d6d42701ae57ca87760822c22c13914e.sde\sde_wcgis_master.DBO.DWCMasters\sde_wcgis_master.DBO.SpecialAreas,,5,
442, sde, _review,C:\Users\jdmumm\AppData\Local\Temp\16\arc6107\dbe9a0368007cbbef94c090c6e5c77d1.sde\sde_wc_dev1.SDEWILD.DWCMasters\sde_wc_dev1.SDEWILD.DWCHunts,,6,
443, sde, _review,C:\Users\jdmumm\AppData\Local\Temp\16\arc6107\dc14781f4d2ff9ec78248b68b2aaac0d.sde\sde_wc_dev1.SDEWILD.DWCMasters\sde_wc_dev1.SDEWILD.DWCHunts,,6,
444, sde, _review,C:\Users\jdmumm\AppData\Local\Temp\16\arc6107\dc14781f4d2ff9ec78248b68b2aaac0d.sde\sde_wc_dev1.SDEWILD.DWCMasters\sde_wc_dev1.SDEWILD.SpecialAreas,,5,
445, sde, _review,C:\Users\jdmumm\AppData\Local\Temp\16\arc6107\dd78b0c327a2caea3531adef95b554f2.sde\sde_wcgis_master.DBO.DWCMasters\sde_wcgis_master.DBO.DWCHunts,,6,
446, sde, _review,C:\Users\jdmumm\AppData\Local\Temp\16\arc6107\dd78b0c327a2caea3531adef95b554f2.sde\sde_wcgis_master.DBO.DWCMasters\sde_wcgis_master.DBO.SpecialAreas,,5,
447, sde, _review,C:\Users\jdmumm\AppData\Local\Temp\16\arc6107\df1211fa3f1b2e431571d27c7956e4df.sde\sde_wcgis_master.DBO.DWCMasters\sde_wcgis_master.DBO.DWCHunts,,6,
448, sde, _review,C:\Users\jdmumm\AppData\Local\Temp\16\arc6107\dffcd333e67a26b548e4cd0680a630ac.sde\sde_wc_dev1.SDEWILD.DWCMasters\sde_wc_dev1.SDEWILD.DWCHunts,,6,
449, sde, _review,C:\Users\jdmumm\AppData\Local\Temp\16\arc6107\e063e58a20e35ea12328f5e566d68640.sde\sde_wcgis_master.DBO.DWCMasters\sde_wcgis_master.DBO.DWCHunts,,6,
450, sde, _review,C:\Users\jdmumm\AppData\Local\Temp\16\arc6107\e063e58a20e35ea12328f5e566d68640.sde\sde_wcgis_master.DBO.DWCMasters\sde_wcgis_master.DBO.SpecialAreas,,5,
451, sde, _review,C:\Users\jdmumm\AppData\Local\Temp\16\arc6107\e62add488243cb943997b98e22b93455.sde\sde_wcgis_master.DBO.DWCMasters\sde_wcgis_master.DBO.DWCHunts,,6,
452, sde, _review,C:\Users\jdmumm\AppData\Local\Temp\16\arc6107\ef94495cf404a80c0c1b3fa210db9435.sde\sde_wc_dev1.SDEWILD.DWCMasters\sde_wc_dev1.SDEWILD.DWCHunts,,6,
453, sde, _review,C:\Users\jdmumm\AppData\Local\Temp\16\arc6107\f1ab63c457c092363c258ce185ccb664.sde\sde_wc_dev1.SDEWILD.DWCMasters\sde_wc_dev1.SDEWILD.DWCHunts,,6,
454, sde, _review,C:\Users\jdmumm\AppData\Local\Temp\16\arc6107\f284e217635834fed00a7a226f7ca893.sde\sde_wc_dev1.SDEWILD.DWCMasters\sde_wc_dev1.SDEWILD.DWCHunts,,6,
455, sde, _review,C:\Users\jdmumm\AppData\Local\Temp\16\arc6107\f284e217635834fed00a7a226f7ca893.sde\sde_wc_dev1.SDEWILD.DWCMasters\sde_wc_dev1.SDEWILD.SpecialAreas,,5,
456, sde, _review,C:\Users\jdmumm\AppData\Local\Temp\16\arc6107\f35b15c5b9e4f998bac5dcc2c76c95d0.sde\sde_wcgis_master.DBO.DWCMasters\sde_wcgis_master.DBO.DWCHunts,,6,
457, sde, _review,C:\Users\jdmumm\AppData\Local\Temp\16\arc6107\f4ad208959f19a8637836b30967992d0.sde\sde_wcgis_master.DBO.DWCMasters\sde_wcgis_master.DBO.DWCHunts,,6,
458, sde, _review,C:\Users\jdmumm\AppData\Local\Temp\16\arc6107\faf5ba0c6b2235ce93d3f1d2a1aade91.sde\sde_wcgis_master.DBO.DWCMasters\sde_wcgis_master.DBO.DWCHunts,,6,
459, sde, _review,C:\Users\jdmumm\AppData\Local\Temp\16\arc6107\fcb22bf37557cf4b66ecb99e6061a8a8.sde\sde_wcgis_master.DBO.DWCMasters\sde_wcgis_master.DBO.DWCHunts,,6,
460, sde, _review,C:\Users\jdmumm\AppData\Local\Temp\16\arc6107\fe169a2d5cfad5d2a24adc22326ea47c.sde\sde_wc_dev1.SDEWILD.DWCMasters\sde_wc_dev1.SDEWILD.DWCHunts,,6,
461, sde, _review,C:\Users\sktimp.DFG\AppData\Roaming\ESRI\Desktop10.0\ArcCatalog\Connection to wcgis-server3 (5151).sde\sde_common83.SDEWILD.nhd2008_Hydrography\sde_common83.SDEWILD.NHDArea,,138,
462, sde, _review,C:\Users\sktimp.DFG\AppData\Roaming\ESRI\Desktop10.0\ArcCatalog\Connection to wcgis-server3 (5151).sde\sde_common83.SDEWILD.nhd2008_Hydrography\sde_common83.SDEWILD.NHDFlowline,,140,
463, sde, _review,C:\Users\sktimp.DFG\AppData\Roaming\ESRI\Desktop10.0\ArcCatalog\Connection to wcgis-server3 (5151).sde\sde_common83.SDEWILD.nhd2008_Hydrography\sde_common83.SDEWILD.NHDWaterbody,,142,
464, sde, _review,C:\Users\sktimp.DFG\AppData\Roaming\ESRI\Desktop10.0\ArcCatalog\Connection to wcgis-server3 (5151).sde\sde_common83.SDEWILD.placenames_XYAKGNIS83,,56,
465, sde, _review,C:\Users\sktimp.DFG\AppData\Roaming\ESRI\Desktop10.0\ArcCatalog\DC2008 - sdewild@wc_dev1.sde\sde_wc_dev1.SDEWILD.DWCMasters\sde_wc_dev1.SDEWILD.DWCHunts,,6,
466, sde, _review,C:\Users\sktimp.DFG\AppData\Roaming\ESRI\Desktop10.0\ArcCatalog\DC2008 - sdewild@wc_dev1.sde\sde_wc_dev1.SDEWILD.DWCMasters\sde_wc_dev1.SDEWILD.OtherMiscControl,,,
467, sde, _review,C:\Users\sktimp.DFG\AppData\Roaming\ESRI\Desktop10.0\ArcCatalog\DC2008 - sdewild@wc_dev1.sde\sde_wc_dev1.SDEWILD.DWCMasters\sde_wc_dev1.SDEWILD.SpecialAreas,,150,
468, sde, _review,C:\Users\sktimp.DFG\AppData\Roaming\ESRI\Desktop10.0\ArcCatalog\DC2008 - sdewild@wc_dev1.sde\sde_wc_dev1.SDEWILD.DWCMasters\sde_wc_dev1.SDEWILD.UCU_poly,,4,
469, sde, _review,C:\Users\sktimp.DFG\AppData\Roaming\ESRI\Desktop10.0\ArcCatalog\_prodDC - sdewcuser@common.sde\sde_common.SDEDFG.BaseFeatures\sde_common.SDEDFG.placenames_orth,,57,
470, sde, _review,C:\Users\sktimp.DFG\AppData\Roaming\ESRI\Desktop10.0\ArcCatalog\_prodDC - sdewcuser@common.sde\sde_common.SDEDFG.Hydrography\sde_common.SDEDFG.NHDFlowline,,140,
471, sde, _review,C:\Users\sktimp.DFG\AppData\Roaming\ESRI\Desktop10.1\ArcCatalog\DC2008 - sdewild@wc_dev1.sde\sde_wc_dev1.SDEWILD.DWCMasters\sde_wc_dev1.SDEWILD.DWCHunts,,6,
472, sde, _review,C:\Users\sktimp.DFG\AppData\Roaming\ESRI\Desktop10.1\ArcCatalog\DC2008 - sdewild@wc_dev1.sde\sde_wc_dev1.SDEWILD.DWCMasters\sde_wc_dev1.SDEWILD.SpecialAreas,,150,
473, sde, _review,C:\Users\sktimp.DFG\AppData\Roaming\ESRI\Desktop10.1\ArcCatalog\_prodDC - sdewcuser@common.sde\sde_common.SDEDFG.BaseFeaturesDD\sde_common.SDEDFG.placenames_AKGNIS,,56,
474, sde, _review,C:\Users\sktimp.DFG\AppData\Roaming\ESRI\Desktop10.1\ArcCatalog\_prodDC - sdewcuser@wc_mgmt_master.sde\sde_wc_mgmt_master.SDEWILD.DWCMasters\sde_wc_mgmt_master.SDEWILD.DWCHunts,,6,
475, sde, _review,C:\Users\sktimp.DFG\AppData\Roaming\ESRI\Desktop10.1\ArcCatalog\_prodDC - sdewcuser@wc_mgmt_master.sde\sde_wc_mgmt_master.SDEWILD.DWCMasters\sde_wc_mgmt_master.SDEWILD.SpecialAreas,,5,
476, sde, _review,C:\Users\sktimp.DFG\AppData\Roaming\ESRI\Desktop10.2\ArcCatalog\__prod-me@wcgis_master.sde\sde_wcgis_master.DBO.DWCMasters\sde_wcgis_master.DBO.DWCHunts,,6,
477, sde, _review,C:\Users\sktimp.DFG\AppData\Roaming\ESRI\Desktop10.2\ArcCatalog\__prod-me@wcgis_master.sde\sde_wcgis_master.DBO.DWCMasters\sde_wcgis_master.DBO.SpecialAreas,,5,
478, sde, _review,C:\Users\sktimp.DFG\AppData\Roaming\ESRI\Desktop10.3\ArcCatalog\Connection to dfgjnusql-gis1p_WC-GIS.sde\sde_wcgis_master.DBO.DWCMasters\sde_wcgis_master.DBO.DWCHunts,,6,
479, sde, _review,C:\Users\sktimp.DFG\AppData\Roaming\ESRI\Desktop10.3\ArcCatalog\Connection to dfgjnusql-gis1p_WC-GIS.sde\sde_wcgis_master.DBO.DWCMasters\sde_wcgis_master.DBO.SpecialAreas,,5,
480, sde, _review,C:\Users\sktimp.DFG\AppData\Roaming\ESRI\Desktop10.3\ArcCatalog\JNUMASTER dfgjnusql-gis1p.sde\sde_wcgis_master.DBO.DWCMasters\sde_wcgis_master.DBO.DWCHunts,,6,
481, sde, _review,C:\Users\sktimp.DFG\AppData\Roaming\ESRI\Desktop10.3\ArcCatalog\JNUMASTER dfgjnusql-gis1p.sde\sde_wcgis_master.DBO.DWCMasters\sde_wcgis_master.DBO.SpecialAreas,,5,
482, sde, _review,C:\Users\sktimp.DFG\AppData\Roaming\ESRI\Desktop10.3\ArcCatalog\JNUMASTER dfgjnusql-gis1p.sde\sde_wcgis_master.DBO.DWCMasters\sde_wcgis_master.DBO.UCU_poly,,4,
483, sde, _review,C:\Users\sktimp.DFG\AppData\Roaming\ESRI\Desktop10.3\ArcCatalog\___prod_sdewild@wcgis_master.sde\sde_wcgis_master.DBO.DWCMasters\sde_wcgis_master.DBO.SpecialAreas,,5,
484, sde, _review,C:\Users\sktimp.DFG\AppData\Roaming\ESRI\Desktop10.3\ArcCatalog\__prod-me@wcgis_master.sde\sde_wcgis_master.DBO.DWCMasters\sde_wcgis_master.DBO.DWCHunts,,6,
485, sde, _review,U:\wc\MUMM\SDE_prod\sde_wcgis_master (dfgjnusql-gi71p).sde\sde_wc_dev1.SDEWILD.DWCMasters\sde_wc_dev1.SDEWILD.OtherMiscControl,,,
486, sde, _review,\\dfg.alaska.local\gis\Anchorage\GISStaff\___gisStaffConnections\_sde\_prodDC - sdedfg@wc_mgmt_master.sde\sde_wc_mgmt_master.SDEWILD.DWCMasters\sde_wc_mgmt_master.SDEWILD.DWCHunts,,6,
487, sde, _review,\\dfg.alaska.local\gis\Anchorage\GISStaff\___gisStaffConnections\_sde\_prodDC - sdedfg@wc_mgmt_master.sde\sde_wc_mgmt_master.SDEWILD.DWCMasters\sde_wc_mgmt_master.SDEWILD.SpecialAreas,,5,
488, sde, _review,\\dfg.alaska.local\gis\Anchorage\GISStaff\___gisStaffConnections\wcgis\prod_me@wcgis_master.sde\sde_wcgis_master.DBO.DWCMasters\sde_wcgis_master.DBO.DWCHunts,,6,
489, sde, _review,\\dfg.alaska.local\gis\Anchorage\GISStaff\___gisStaffConnections\wcgis\prod_me@wcgis_master.sde\sde_wcgis_master.DBO.DWCMasters\sde_wcgis_master.DBO.SpecialAreas,,5,
490, service_BDL WMS, _review,,,,
491, service_BDL WMS Extras, _review,,,,
492, service_Blue_Marble, _review,,,,
493, service_Ca Topos 1:250k, _review,,,,
494, service_DRG, _review,,,,
495, service_DRG 1:24k, _review,,,,
496, service_DRG 1:2500k, _review,,,,
497, service_DRG 1:250k, _review,,,,
498, service_DRG 1:25k, _review,,,,
499, service_DRG 1:63k, _review,,,,
500, service_GINA.Bathymetry.bw, _review,,,,
501, service_GINA.Bathymetry.rgb, _review,,,,
502, service_High Resolution Natural Color (0.25-9 meter) (Detailed), _review,,,,
503, service_High Resolution Natural Color (0.25-9 meter) (Overview), _review,,,,
504, service_Hill Shaded DRG 1:24k, _review,,,,
505, service_Hill Shaded DRG 1:250k, _review,,,,
506, service_Hill Shaded DRG 1:25k, _review,,,,
507, service_Hill Shaded DRG 1:63k, _review,,,,
508, service_Landsat Pan Detailed, _review,,,,
509, service_Landsat Pan Overview, _review,,,,
510, service_Low Resolution Natural Color (31-500 meter) (Overview), _review,,,,
511, service_Low Resolution Natural Color (31-500 meter)(Detailed), _review,,,,
512, service_Mid Resolution Natural Color (10-30 meter), _review,,,,
513, service_Mid Resolution Natural Color (10-30 meter) [Overview], _review,,,,
514, service_Mid Resolution Pseudo Color (15 meter), _review,,,,
515, service_NGStopoArcOnline, _review,http://dfgancgisdev2/ArcGIS/services,,,
516, service_NGStopoArcOnline, _review,http://fgancgis1/arcgis/services,,,
517, service_USA_Topo_Maps, _review,http://gis.adfg.alaska.gov/mapping/services,,,
518, service_USAtopoArcOnline, _review,http://dfgancgisdev2/ArcGIS/services,,,
519, service_USAtopoArcOnline, _review,http://dfgancgisprod1/arcgis/services,,,
520, service_bdl_high_res, _review,,,,
521, service_bdl_low_res, _review,,,,
522, service_bdl_mid_res, _review,,,,
523, service_common/NGStopoArcOnline, _review,http://fgancgis1/arcgis/services,,,
524, service_dfg_common/NGStopoArcOnline, _review,http://dfgancgisdev2/ArcGIS/services,,,
525, service_dfg_common/USAtopoArcOnline, _review,http://dfgancgisprod1/arcgis/services,,,
526, service_dfg_common/base, _review,http://dfgancgisprod1/arcgis/services,,,
527, service_dfg_public/NGStopoArcOnline, _review,http://dfgancgisprod2:6080/arcgis/services,,,
528, service_dfg_public/USAtopoArcOnline, _review,http://dfgancgisprod2:6080/arcgis/services,,,
529, service_dfg_public/USAtopoArcOnline, _review,https://dfgjnugis1p.dfg.alaska.local:6443/arcgis/admin,,,
530, service_ginatopo, _review,http://dfgancgisprod1/arcgis/services,,,
531, service_shaded_relief_ned, _review,,,,
532, shape, _review,C:\Data1\MatSuRds_2010\new\rds.shp,,,
533, shape, _review,C:\Data1\RAILROADS\Railroads_RB.shp,,221,
534, shape, _review,C:\Data\AK_Refuges_poly 2010\AK_Refuges_poly.shp,,209,
535, shape, _review,C:\Data\Chugach SP\chugach_sp.shp,,227,
536, shape, _review,C:\Data\Chugach SP\csp_trailway.shp,,216,
537, shape, _review,C:\Data\Hunts_Dynamic.shp,o,,
538, shape, _review,C:\Data\Landstat_11_2010\General Land Status - Statewide Land Ownership - 2010 November_POLYGON.shp,,,
539, shape, _review,C:\Data\MOA_2010\moa_parks.shp,,,
540, shape, _review,C:\Data\MOA_2010\st_segments.shp,,,
541, shape, _review,C:\Data\MatSuRds_2010\rds.shp,,,
542, shape, _review,C:\Data\Muni Layers\moa_parks2011.shp,,,
543, shape, _review,C:\Data\NPS\NPS_Name_Type.shp,,,
544, shape, _review,C:\Data\NPS\NPS_Named.shp,,,
545, shape, _review,C:\Data\RAILROADS\Railroads_RB.shp,,221,
546, shape, _review,C:\Data\UCU_dissolve.shp,,148,
547, shape, _review,C:\Data\USFS\roadarea.shp,,,
548, shape, _review,C:\Data\_rasMOA_2010\st_segments.shp,,,
549, shape, _review,C:\Data\arctic_circle.shp,,205,
550, shape, _review,C:\GISShare\Infrastructure\major_roads83.shp,,212,
551, shape, _review,C:\Sally\GMU_Subunit_coast.shp,,157,
552, shape, _review,C:\Sally\ken_np.shp,,,
553, shape, _review,C:\Sally\parks.shp,,,
554, shape, _review,C:\Sally\subunits.shp,,156,
555, shape, _review,C:\Users\GMUs\AK_Simple.shp,,207,
556, shape, _review,C:\Users\Trails\17b\17b_Easements_Arcs_030706.shp,,,
557, shape, _review,C:\Users\Trails\17b\17b_Easements_Points_020506.shp,,,
558, shape, _review,C:\Users\jdmumm\regbook_MPS\STATE.shp,,,
559, shape, _review,C:\Users\kbmatthews\Downloads\drawmoosehunts_1_7_19.shp,o,,
560, shape, _review,C:\temp\RM653_create\rc653_line_nad83.shp,o,,
561, shape, _review,C:\temp\RM653_create\rc653_line_wgs84.shp,o,,
562, shape, _review,C:\temp\RM653_create\rm653_line_alb.shp,o,,
563, shape, _review,H:\common\Frances\Bison_ahtna\federal.shp,o,,
564, shape, _review,H:\common\Frances\Bison_ahtna\islands.shp,o,,
565, shape, _review,H:\common\Frances\Bison_ahtna\private_land.shp,o,,
566, shape, _review,H:\common\Frances\Bison_ahtna\roads.shp,o,,
567, shape, _review,H:\common\Frances\Bison_ahtna\section.shp,,65,
568, shape, _review,H:\common\Frances\Bison_ahtna\site.shp,o,,
569, shape, _review,H:\common\Frances\Bison_ahtna\state.shp,o,,
570, shape, _review,H:\common\Frances\Bison_ahtna\stream4.shp,o,,
571, shape, _review,H:\common\Frances\Bison_ahtna\township.shp,,79,
572, shape, _review,H:\common\Frances\Bison_ahtna\trail.shp,o,,
573, shape, _review,H:\common\Frances\Bison_ahtna\waters.shp,o,,
574, shape, _review,H:\common\Frances\HR_Projs\Ancsa\Access_Maps\Bison_ahtna\aksimple.shp,,207,
575, shape, _review,H:\common\Frances\HR_Projs\Ancsa\Access_Maps\Bison_ahtna\tina_trails.shp,,,
576, shape, _review,H:\common\Frances\HR_Projs\Ancsa\Access_Maps\Bison_ahtna\traii_ii.shp,,,
577, shape, _review,N:\Data\MatSuRds_2010\new\rds.shp,,,
578, shape, _review,O:\DSF\R5\cartography\graham\NPSParkBnd.shp,,,
579, shape, _review,T:\AKBase\arctic_circle.shp,,205,
580, shape, _review,T:\SHAPES\OCEANCLN.shp,,203,
581, shape, _review,T:\shapes\akcanada.shp,,,
582, shape, _review,U:\AKBase\arctic_circle.shp,,205,
583, shape, _review,U:\AK_BASE\arctic_circle.shp,,205,
584, shape, _review,U:\SHAPES\road.shp,,,
585, shape, _review,U:\WC\Predator_Control\more_features\Sparrevohn AFS.shp,,,
586, shape, _review,U:\WC\Specareas\more_features\CreamersMWR_pts.shp,,,
587, shape, _review,U:\WC\Specareas\more_features\Units.shp,,,
588, shape, _review,U:\WC\huntarea\arcmap\2012_2013hunts.shp,,,
589, shape, _review,U:\WC\huntarea\more_features\dm768_pts.shp,,,
590, shape, _review,U:\WC\huntarea\more_features\seward.shp,,,
591, shape, _review,U:\WC\military\dudded_impact_area.shp,,206,
592, shape, _review,U:\WC\regbook_MPS\STATE.shp,,,
593, shape, _review,V:\Boundaries\GMUs\gmusubs.shp,,156,
594, shape, _review,\\Wcgis-server3\gisshare\Infrastructure\Roads\gps_akhwysy.shp,,61,
595, shape, _review,\\dfg.alaska.local\gis\Anchorage\GISShare\Boundaries\GMUs\gmusp.shp,,,
596, shape, _review,\\dfg.alaska.local\gis\Anchorage\GISShare\Boundaries\GMUs\gmusubs.shp,,156,
597, shape, _review,\\dfg.alaska.local\gis\Anchorage\GISShare\Boundaries\gmus\gmusp.shp,,,
598, shape, _review,\\dfg.alaska.local\gis\Anchorage\GISShare\boundaries\gmus\gmusp.shp,,,
599, shape, _review,\\dfg.alaska.local\gis\Anchorage\GISStaff\AKBase\arctic_circle.shp,,205,
600, shape, _review,\\dfg.alaska.local\gis\Anchorage\GISStaff\AKBase\covers\majriv.shp,,204,
601, shape, _review,\\dfg.alaska.local\gis\Anchorage\GISStaff\AKBase\covers\rex_trail.shp,,222,
602, shape, _review,\\dfg.alaska.local\gis\Anchorage\GISStaff\AK_BASE\arctic_circle.shp,,205,
603, shape, _review,\\dfg.alaska.local\gis\Anchorage\GISStaff\Dynamap\Mat-Su\highway.shp,,,
604, shape, _review,\\dfg.alaska.local\gis\Anchorage\GISStaff\Dynamap\Mat-Su\lakes.shp,,,
605, shape, _review,\\dfg.alaska.local\gis\Anchorage\GISStaff\Dynamap\Mat-Su\railroad.shp,,,
606, shape, _review,\\dfg.alaska.local\gis\Anchorage\GISStaff\Dynamap\Mat-Su\street.shp,,,
607, shape, _review,\\dfg.alaska.local\gis\Anchorage\GISStaff\SHAPES\OCEANCLN.shp,,203,
608, shape, _review,\\dfg.alaska.local\gis\Anchorage\GISStaff\SHAPES\WATER.shp,,,
609, shape, _review,\\dfg.alaska.local\gis\Anchorage\GISStaff\SHAPES\WATER_83.shp,,,
610, shape, _review,\\dfg.alaska.local\gis\Anchorage\GISStaff\SHAPES\akcanada.shp,,,
611, shape, _review,\\dfg.alaska.local\gis\Anchorage\GISStaff\SHAPES\glacierp.shp,,,
612, shape, _review,\\dfg.alaska.local\gis\Anchorage\GISStaff\SHAPES\lake.shp,,,
613, shape, _review,\\dfg.alaska.local\gis\Anchorage\GISStaff\SHAPES\lake_83.shp,,,
614, shape, _review,\\dfg.alaska.local\gis\Anchorage\GISStaff\SHAPES\majrds.shp,,,
615, shape, _review,\\dfg.alaska.local\gis\Anchorage\GISStaff\SHAPES\rescomm.shp,,59,
616, shape, _review,\\dfg.alaska.local\gis\Anchorage\GISStaff\SHAPES\riverz.shp,,,
617, shape, _review,\\dfg.alaska.local\gis\Anchorage\GISStaff\SHAPES\road.shp,,,
618, shape, _review,\\dfg.alaska.local\gis\Anchorage\GISStaff\WC\Predator_Control\more_features\Sparrevohn AFS.shp,,,
619, shape, _review,\\dfg.alaska.local\gis\Anchorage\GISStaff\WC\Specareas\more_features\AnakPasspts.shp,,,
620, shape, _review,\\dfg.alaska.local\gis\Anchorage\GISStaff\WC\Specareas\more_features\Koyukuk_pts.shp,,,
621, shape, _review,\\dfg.alaska.local\gis\Anchorage\GISStaff\WC\Sutton\Nome_Roads.shp,,,
622, shape, _review,\\dfg.alaska.local\gis\Anchorage\GISStaff\WC\Timp\Anch_street_segments.shp,,,
623, shape, _review,\\dfg.alaska.local\gis\Anchorage\GISStaff\WC\Timp\HandyDandy\Unit20\rex_trail.shp,,222,
624, shape, _review,\\dfg.alaska.local\gis\Anchorage\GISStaff\WC\huntarea\Masters\20122013_shapefiles\DM766.shp,o,,
625, shape, _review,\\dfg.alaska.local\gis\Anchorage\GISStaff\WC\huntarea\arcmap\Clip.shp,o,,
626, shape, _review,\\dfg.alaska.local\gis\Anchorage\GISStaff\WC\huntarea\more_features\Buffer_RM573.shp,o,,
627, shape, _review,\\dfg.alaska.local\gis\Anchorage\GISStaff\WC\huntarea\more_features\NPSnative.shp,,,
628, shape, _review,\\dfg.alaska.local\gis\Anchorage\GISStaff\WC\huntarea\more_features\NPSprivate.shp,,,
629, shape, _review,\\dfg.alaska.local\gis\Anchorage\GISStaff\WC\huntarea\more_features\RM319_pts.shp,,,
630, shape, _review,\\dfg.alaska.local\gis\Anchorage\GISStaff\WC\huntarea\more_features\RM764-Zone1C_ref_points.shp,,,
631, shape, _review,\\dfg.alaska.local\gis\Anchorage\GISStaff\WC\huntarea\more_features\RM764_2013_2014.shp,,,
632, shape, _review,\\dfg.alaska.local\gis\Anchorage\GISStaff\WC\huntarea\more_features\RM764_mask1.shp,,,
633, shape, _review,\\dfg.alaska.local\gis\Anchorage\GISStaff\WC\huntarea\more_features\RM764_zones_2011_2012.shp,,,
634, shape, _review,\\dfg.alaska.local\gis\Anchorage\GISStaff\WC\huntarea\more_features\RM768.shp,,,
635, shape, _review,\\dfg.alaska.local\gis\Anchorage\GISStaff\WC\huntarea\more_features\charlieboyd.shp,,,
636, shape, _review,\\dfg.alaska.local\gis\Anchorage\GISStaff\WC\huntarea\more_features\crowpassbuf.shp,,,
637, shape, _review,\\dfg.alaska.local\gis\Anchorage\GISStaff\WC\huntarea\more_features\de711_pts.shp,,,
638, shape, _review,\\dfg.alaska.local\gis\Anchorage\GISStaff\WC\huntarea\more_features\dm768_pts.shp,,,
639, shape, _review,\\dfg.alaska.local\gis\Anchorage\GISStaff\WC\huntarea\more_features\dm794_pts.shp,,,
640, shape, _review,\\dfg.alaska.local\gis\Anchorage\GISStaff\WC\huntarea\more_features\dm797_799pts.shp,,,
641, shape, _review,\\dfg.alaska.local\gis\Anchorage\GISStaff\WC\huntarea\more_features\dm818_pts.shp,,,
642, shape, _review,\\dfg.alaska.local\gis\Anchorage\GISStaff\WC\huntarea\more_features\ellas cabin.shp,,,
643, shape, _review,\\dfg.alaska.local\gis\Anchorage\GISStaff\WC\huntarea\more_features\healy_coal_cr_pts.shp,,,
644, shape, _review,\\dfg.alaska.local\gis\Anchorage\GISStaff\WC\huntarea\more_features\kodiakbrbear_pts.shp,,,
645, shape, _review,\\dfg.alaska.local\gis\Anchorage\GISStaff\WC\huntarea\more_features\pts.shp,,,
646, shape, _review,\\dfg.alaska.local\gis\Anchorage\GISStaff\WC\huntarea\more_features\rb088_pts.shp,,,
647, shape, _review,\\dfg.alaska.local\gis\Anchorage\GISStaff\WC\huntarea\more_features\rb525_pts.shp,,,
648, shape, _review,\\dfg.alaska.local\gis\Anchorage\GISStaff\WC\huntarea\more_features\rb988_pts.shp,,,
649, shape, _review,\\dfg.alaska.local\gis\Anchorage\GISStaff\WC\huntarea\more_features\rm764pts.shp,,,
650, shape, _review,\\dfg.alaska.local\gis\Anchorage\GISStaff\WC\huntarea\more_features\rm768_pts.shp,,,
651, shape, _review,\\dfg.alaska.local\gis\Anchorage\GISStaff\WC\huntarea\more_features\zone5pts.shp,,,
652, shape, _review,\\dfg.alaska.local\gis\Anchorage\GISStaff\WC\huntarea\more_features\zone6pts.shp,,,
653, shape, _review,\\dfg.alaska.local\gis\Anchorage\GISStaff\WC\military\dudded_impact_area.shp,,206,
654, shape, _review,\\dfg.alaska.local\gis\Anchorage\GISStaff\WC\regbook_MPS\Regbk_reg.shp,,,
655, shape, _review,\\dfg.alaska.local\gis\Anchorage\GISStaff\WC\regbook_MPS\STATE.shp,,,
656, shape, _review,\\dfg.alaska.local\gis\Anchorage\GISStaff\WC\regbook_MPS\adminbnd_reg_83.shp,,,
657, shape, _review,\\dfg.alaska.local\gis\Anchorage\GISStaff\dynamap\mat-su\lakes.shp,,,
658, shape, _review,\\dfg.alaska.local\gis\Anchorage\GISStaff\shapes\WATER.shp,,,
659, shape, _review,\\dfg.alaska.local\gis\Anchorage\GISStaff\shapes\glacierp.shp,,,
660, shape, _review,\\dfg.alaska.local\gis\Anchorage\GISStaff\shapes\lake.shp,,,
661, shape, _review,\\dfg.alaska.local\gis\Anchorage\GISStaff\shapes\rescomm.shp,,59,
662, shape, _review,\\dfg.alaska.local\gis\Anchorage\GISStaff\shapes\riverz.shp,,,
663, shape, _review,\\dfg.alaska.local\gis\Anchorage\GISStaff\shapes\road.shp,,,
664, shape, _review,\\dfg.alaska.local\gis\Anchorage\GISStaff\shapes\water.shp,,,
665, shape, _review,\\dfg.alaska.local\gis\Anchorage\GISStaff\wc\___NewToFixFromSally\ak_refuges_poly 2010\AK_Refuges_poly.shp,,209,
666, shape, _review,\\dfg.alaska.local\gis\Anchorage\GISStaff\wc\___NewToFixFromSally\moa_2010\st_segments.shp,,,
667, shape, _review,\\dfg.alaska.local\gis\Anchorage\GISStaff\wc\huntarea\more_features\mtgoat_gmu7_15.shp,,,
668, shape, _review,\\dfgancdwc186439\c$\Data\AK_Refuges_poly 2010\AK_Refuges_poly.shp,,209,
669, shape, _review,\\dfgancdwc186439\c$\Data\RAILROADS\Railroads_RB.shp,,221,
670, shape, _review,h:\common\frances\bison_ahtna\11_13d.shp,,,
671, shape, _review,h:\common\frances\bison_ahtna\land_st.shp,,,
672, shape, _review,h:\common\frances\bison_ahtna\river_acc.shp,,,
673, shape, _review,h:\common\frances\bison_ahtna\section.shp,,,
674, shape, _review,h:\common\frances\bison_ahtna\site.shp,,,
675, shape, _review,h:\common\frances\bison_ahtna\tina_trails.shp,,,
676, shape, _review,h:\common\frances\bison_ahtna\trail.shp,,,
677, shape, _review,u:\SHAPES\OCEANCLN.shp,,203,
678, shape, _review,u:\shapes\akcanada.shp,,,
679, shape, _review,u:\shapes\majrds.shp,,212,
680, table_dat, _review,u:\landstat\dnr\opl_allstat.dat,,,
681, table_other, _review,C:\Data\NPS 2010\akparks.gdb\LUCode,,,
682, table_other, _review,C:\Data\NPS 2010\akparks.gdb\LUFullName,,,
683, table_other, _review,C:\Data\NPS\akparks.gdb\LUCode,,,
684, table_other, _review,C:\Data\NPS\akparks.gdb\LUFullName,,,
685, table_other, _review,C:\Sally\HuntDomains.gdb\areanames,,,
686, table_other, _review,C:\Sally\HuntDomains.gdb\mapIDgroups,,,
687, table_other, _review,C:\Sally\HuntDomains.gdb\species,,,
688, table_other, _review,C:\Users\sktimp.DFG\Desktop\test_table.dbf,o,,
689, table_other, _review,H:\temp\rm653_pts.csv,o,,
690, table_other, _review,U:\WC\Predator_Control\more_features\19Acoords.xls\Sheet1$,o,,
691, table_other, _review,U:\WC\Predator_Control\more_features\19Dcoords.dbf,,,
692, table_other, _review,U:\wc\MUMM\temp\rm620_pts.csv,o,,
693, table_other, _review,\\dfg.alaska.local\gis\Anchorage\GISStaff\WC\huntarea\more_features\healy_coalcr_pts.dbf,,,
694, table_other, _review,\\dfg.alaska.local\gis\Anchorage\GISStaff\WC\huntarea\more_features\healy_coalcr_pts.xls\Sheet1$,,,
695, table_other, _review,\\dfg.alaska.local\gis\Anchorage\GISStaff\WC\huntarea\more_features\zone 5pts.xls\Sheet1$,,,
696, table_other, _review,\\dfg.alaska.local\gis\Anchorage\GISStaff\akbase\covers\BASENAME.dbf,,,
